"Name","Item","Color","Quantity","Quality","Priority","URL","Date"
"Rockafella","Arcanist Crown","ffa335ee","1","Epic","4","https://classicdb.ch/?item=16795","2017.11.12"
"Rockafella","Mish'undare Circlet of the Mind Flayer","ffa335ee","1","Epic","4","https://classicdb.ch/?item=19375","2017.12.28"
"Rockafella","Unadorned Seal of Ascension","ffffffff","1","White","1","https://classicdb.ch/?item=12219","2017.12.07"
"Rockafella","Cenarion Helm","ffa335ee","1","Epic","4","https://classicdb.ch/?item=16834","2017.11.12"
"Rockafella","Silithid Carapace Fragment","ffffffff","5","White","1","https://classicdb.ch/?item=20384","2017.12.07"
"Rockafella","Eskhandar's Collar","ffa335ee","1","Epic","4","https://classicdb.ch/?item=18205","2017.10.12"
"Rockafella","Sorcerous Dagger","ffa335ee","1","Epic","4","https://classicdb.ch/?item=18878","2017.11.12"
"Rockafella","Nemesis Skullcap","ffa335ee","1","Epic","4","https://classicdb.ch/?item=16929","2017.11.12"
"Rockafella","Band of Forced Concentration","ffa335ee","1","Epic","4","https://classicdb.ch/?item=19403","2017.10.12"
"Rockafella","Silithid Carapace Fragment","ffffffff","19","White","1","https://classicdb.ch/?item=20384","2017.11.28"
"Rockafella","Lunar Wand of the Wolf","ff1eff00","1","Green","2","https://classicdb.ch/?item=15283","2017.11.26"
"Rockafella","Qiraji Magisterial Ring","ff0070dd","1","Blue","3","https://classicdb.ch/?item=20884","2017.12.26"
"Rockafella","Onyxia Hide Backpack","ff1eff00","1","Green","2","https://classicdb.ch/?item=17966","2017.11.12"
"Rockafella","Shadowstrike","ffa335ee","1","Epic","4","https://classicdb.ch/?item=17074","2017.11.12"
"Rockafella","Felheart Shoulder Pads","ffa335ee","1","Epic","4","https://classicdb.ch/?item=16807","2017.11.12"
"Rockafella","Bracers of Arcane Accuracy","ffa335ee","1","Epic","4","https://classicdb.ch/?item=19374","2017.11.30"
"Rockafella","Orange Hakkari Bijou","ff0070dd","1","Blue","3","https://classicdb.ch/?item=19710","2017.10.10"
"Rockafella","Qiraji Ornate Hilt","ffa335ee","1","Epic","4","https://classicdb.ch/?item=20890","2017.12.22"
"Rockafella","Tome of Fireball XII","ff0070dd","1","Blue","3","https://classicdb.ch/?item=21279","2017.12.22"
"Rockafella","Scroll of Agility IV","ffffffff","1","White","1","https://classicdb.ch/?item=10309","2017.12.07"
"Rockafella","Slimy Scaled Gauntlets","ffa335ee","1","Epic","4","https://classicdb.ch/?item=21487","2018.01.09"
"Rockafella","Head of the Broodlord Lashlayer","ffa335ee","1","Epic","4","https://classicdb.ch/?item=20383","2017.12.14"
"Rockafella","Pants of Prophecy","ffa335ee","1","Epic","4","https://classicdb.ch/?item=16814","2017.11.19"
"Rockafella","Pattern: Flarecore Wraps","ff0070dd","1","Blue","3","https://classicdb.ch/?item=18265","2017.11.19"
"Rockafella","Major Healing Potion","ffffffff","1","White","1","https://classicdb.ch/?item=13446","2018.01.07"
"Rockafella","Gauntlets of New Life","ffa335ee","1","Epic","4","https://classicdb.ch/?item=21458","2018.01.09"
"Rockafella","Peacekeeper Gauntlets","ffa335ee","1","Epic","4","https://classicdb.ch/?item=20264","2017.12.17"
"Rockafella","Netherwind Bindings","ffa335ee","1","Epic","4","https://classicdb.ch/?item=16918","2017.12.14"
"Rockafella","Stormrage Legguards","ffa335ee","1","Epic","4","https://classicdb.ch/?item=16901","2017.11.12"
"Rockafella","Ironweb Spider Silk","ffffffff","1","White","1","https://classicdb.ch/?item=14227","2017.12.17"
"Rockafella","Primal Hakkari Girdle","ffa335ee","1","Epic","4","https://classicdb.ch/?item=19719","2017.12.17"
"Rockafella","Gauntlets of Might","ffa335ee","1","Epic","4","https://classicdb.ch/?item=16863","2017.11.19"
"Rockafella","Runecloth","ffffffff","2","White","1","https://classicdb.ch/?item=14047","2018.01.07"
"Rockafella","Ivory Scarab","ff1eff00","1","Green","2","https://classicdb.ch/?item=20865","2018.01.05"
"Rockafella","Gauntlets of the Immovable","ffa335ee","1","Epic","4","https://classicdb.ch/?item=21479","2018.01.09"
"Rockafella","Judgement Belt","ffa335ee","1","Epic","4","https://classicdb.ch/?item=16952","2017.11.16"
"Rockafella","Stormrage Bracers","ffa335ee","1","Epic","4","https://classicdb.ch/?item=16904","2017.11.23"
"Rockafella","Sayge's Fortune #24","ffffffff","1","White","1","https://classicdb.ch/?item=19424","2017.12.10"
"Rockafella","Leggings of the Black Blizzard","ffa335ee","1","Epic","4","https://classicdb.ch/?item=21461","2017.12.29"
"Rockafella","Ancient Qiraji Artifact","ffffffff","1","White","1","https://classicdb.ch/?item=21230","2018.01.04"
"Rockafella","Felheart Slippers","ffa335ee","1","Epic","4","https://classicdb.ch/?item=16803","2017.11.19"
"Rockafella","Cenarion Gloves","ffa335ee","1","Epic","4","https://classicdb.ch/?item=16831","2017.11.19"
"Rockafella","Taut Dragonhide Belt","ffa335ee","1","Epic","4","https://classicdb.ch/?item=19396","2017.11.23"
"Rockafella","Lava Core","ff0070dd","1","Blue","3","https://classicdb.ch/?item=17011","2017.12.14"
"Rockafella","Ringo's Blizzard Boots","ffa335ee","2","Epic","4","https://classicdb.ch/?item=19438","2017.11.23"
"Rockafella","Swiftthistle","ffffffff","1","White","1","https://classicdb.ch/?item=2452","2018.03.11"
"Rockafella","Tender Crocolisk Meat","ffffffff","1","White","1","https://classicdb.ch/?item=3667","2018.03.20"
"Rockafella","Buccaneer's Gloves of Spirit","ff1eff00","1","Green","2","https://classicdb.ch/?item=14168","2018.03.11"
"Rockafella","Haunch of Meat","ffffffff","1","White","1","https://classicdb.ch/?item=2287","2018.03.11"
"Rockafella","Gnoam Sprecklesprocket","ffffffff","1","White","1","https://classicdb.ch/?item=7365","2018.03.11"
"Rockafella","Laced Cloak","ff9d9d9d","1","Grey","0","https://classicdb.ch/?item=1741","2018.03.11"
"Rockafella","Bloodsoaked Pauldrons","ff0070dd","1","Blue","3","https://classicdb.ch/?item=19878","2018.01.30"
"Rockafella","Snellig's Snuffbox","ffffffff","1","White","1","https://classicdb.ch/?item=3619","2018.03.20"
"Rockafella","Head of VanCleef","ffffffff","1","White","1","https://classicdb.ch/?item=3637","2018.03.11"
"Rockafella","Ancient Qiraji Artifact","ffffffff","6","White","1","https://classicdb.ch/?item=21230","2018.01.18"
"Rockafella","Angelista's Grasp","ffa335ee","1","Epic","4","https://classicdb.ch/?item=19388","2017.10.05"
"Rockafella","An Unsent Letter","ffffffff","1","White","1","https://classicdb.ch/?item=2874","2018.03.11"
"Rockafella","Defias Gunpowder","ffffffff","1","White","1","https://classicdb.ch/?item=5397","2018.03.11"
"Rockafella","Scroll of Agility","ffffffff","1","White","1","https://classicdb.ch/?item=3012","2018.03.11"
"Rockafella","Opaque Wand","ff1eff00","1","Green","2","https://classicdb.ch/?item=5207","2018.03.11"
"Rockafella","Red Silk Bandana","ffffffff","10","White","1","https://classicdb.ch/?item=915","2018.03.11"
"Rockafella","Coarse Stone","ffffffff","1","White","1","https://classicdb.ch/?item=2836","2018.03.11"
"Rockafella","Superior Cloak of Defense","ff1eff00","1","Green","2","https://classicdb.ch/?item=9805","2018.03.11"
"Rockafella","Thick-shelled Clam","ffffffff","2","White","1","https://classicdb.ch/?item=5524","2018.03.20"
"Rockafella","Murloc Eye","ffffffff","1","White","1","https://classicdb.ch/?item=730","2018.03.20"
"Rockafella","Laced Mail Gloves","ff9d9d9d","1","Grey","0","https://classicdb.ch/?item=1742","2018.03.11"
"Rockafella","Earthroot","ffffffff","1","White","1","https://classicdb.ch/?item=2449","2018.03.11"
"Rockafella","Silver Bar","ff1eff00","1","Green","2","https://classicdb.ch/?item=2842","2018.03.11"
"Rockafella","Snapvine Watermelon","ffffffff","1","White","1","https://classicdb.ch/?item=4538","2018.03.11"
"Rockafella","Red Hakkari Bijou","ff0070dd","1","Blue","3","https://classicdb.ch/?item=19707","2018.01.30"
"Rockafella","Qiraji Lord's Insignia","ffffffff","4","White","1","https://classicdb.ch/?item=21229","2018.01.18"
"Rockafella","Brocade Vest","ff9d9d9d","1","Grey","0","https://classicdb.ch/?item=1778","2018.03.11"
"Rockafella","The Black Book","ffa335ee","1","Epic","4","https://classicdb.ch/?item=19337","2018.01.28"
"Rockafella","Warped Blade","ff9d9d9d","1","Grey","0","https://classicdb.ch/?item=1821","2018.03.20"
"Rockafella","Pointy Crocolisk Tooth","ff9d9d9d","1","Grey","0","https://classicdb.ch/?item=770","2018.03.20"
"Rockafella","Runecloth","ffffffff","1","White","1","https://classicdb.ch/?item=14047","2017.12.04"
"Rockafella","Hyperion Armor of the Bear","ff1eff00","1","Green","2","https://classicdb.ch/?item=10384","2018.02.01"
"Rockafella","Qiraji Bindings of Dominance","ffa335ee","1","Epic","4","https://classicdb.ch/?item=20932","2018.02.11"
"Rockafella","Trogg Stone Tooth","ffffffff","3","White","1","https://classicdb.ch/?item=2536","2018.03.10"
"Rockafella","Guttbuster","ff0070dd","1","Blue","3","https://classicdb.ch/?item=13139","2018.02.01"
"Rockafella","Lesser Healing Potion","ffffffff","4","White","1","https://classicdb.ch/?item=858","2018.03.10"
"Rockafella","Lady Alizabeth's Pendant","ff0070dd","1","Blue","3","https://classicdb.ch/?item=13002","2018.02.01"
"Rockafella","Ancient Qiraji Artifact","ffffffff","7","White","1","https://classicdb.ch/?item=21230","2018.01.25"
"Rockafella","Ancient Qiraji Artifact","ffffffff","3","White","1","https://classicdb.ch/?item=21230","2018.02.11"
"Rockafella","Exalted Gauntlets of the Bear","ff1eff00","1","Green","2","https://classicdb.ch/?item=14976","2018.02.01"
"Rockafella","Qiraji Lord's Insignia","ffffffff","5","White","1","https://classicdb.ch/?item=21229","2018.02.11"
"Rockafella","Linen Cloth","ffffffff","43","White","1","https://classicdb.ch/?item=2589","2018.03.10"
"Rockafella","Thick Leather Shoulderpads","ff9d9d9d","1","Grey","0","https://classicdb.ch/?item=3967","2018.02.01"
"Rockafella","Judgement Crown","ffa335ee","1","Epic","4","https://classicdb.ch/?item=16955","2018.02.01"
"Rockafella","Miners' Gear","ffffffff","4","White","1","https://classicdb.ch/?item=2640","2018.03.10"
"Rockafella","Wool Cloth","ffffffff","13","White","1","https://classicdb.ch/?item=2592","2018.03.10"
"Rockafella","Choker of the Fire Lord","ffa335ee","1","Epic","4","https://classicdb.ch/?item=18814","2017.10.01"
"Rockafella","Rusty Warhammer","ff9d9d9d","1","Grey","0","https://classicdb.ch/?item=1514","2018.03.10"
"Rockafella","Masterwork Breastplate of Agility","ff1eff00","1","Green","2","https://classicdb.ch/?item=10266","2018.02.04"
"Rockafella","Leggings of the Festering Swarm","ffa335ee","1","Epic","4","https://classicdb.ch/?item=21676","2018.01.18"
"Rockafella","Stonesplinter Rags","ffffffff","1","White","1","https://classicdb.ch/?item=5109","2018.03.10"
"Rockafella","Qiraji Lord's Insignia","ffffffff","4","White","1","https://classicdb.ch/?item=21229","2018.01.25"
"Rockafella","Bloodscalp Coin","ff1eff00","1","Green","2","https://classicdb.ch/?item=19706","2017.12.04"
"Rockafella","Reinforced Chain Boots","ff9d9d9d","1","Grey","0","https://classicdb.ch/?item=1755","2018.03.20"
"Rockafella","Punctured Voodoo Doll","ff1eff00","1","Green","2","https://classicdb.ch/?item=19821","2017.12.04"
"Rockafella","Bloodstrike Dagger of Power","ff1eff00","1","Green","2","https://classicdb.ch/?item=15247","2018.02.04"
"Rockafella","Scroll of Spirit","ffffffff","1","White","1","https://classicdb.ch/?item=1181","2018.03.10"
"Rockafella","Plans: Whitesoul Helm","ff0070dd","1","Blue","3","https://classicdb.ch/?item=12711","2018.02.04"
"Rockafella","Wyrmslayer Spaulders","ff0070dd","1","Blue","3","https://classicdb.ch/?item=13066","2018.02.04"
"Rockafella","Silk Cloth","ffffffff","5","White","1","https://classicdb.ch/?item=4306","2018.03.20"
"Rockafella","Giant Crocolisk Skin","ffffffff","3","White","1","https://classicdb.ch/?item=3348","2018.03.20"
"Rockafella","Dwarven Mild","ffffffff","2","White","1","https://classicdb.ch/?item=422","2018.03.11"
"Rockafella","Giantstalker's Helmet","ffa335ee","1","Epic","4","https://classicdb.ch/?item=16846","2017.09.17"
"Rockafella","Archimtiros' Ring of Reckoning","ffa335ee","1","Epic","4","https://classicdb.ch/?item=19376","2018.02.08"
"Rockafella","Sandfury Coin","ff1eff00","1","Green","2","https://classicdb.ch/?item=19704","2017.12.10"
"Rockafella","Ol' Sooty's Head","ffffffff","1","White","1","https://classicdb.ch/?item=2713","2018.03.10"
"Rockafella","Netherwind Boots","ffa335ee","1","Epic","4","https://classicdb.ch/?item=16912","2018.02.08"
"Rockafella","Sabatons of the Flamewalker","ffa335ee","1","Epic","4","https://classicdb.ch/?item=19144","2017.09.17"
"Rockafella","Nemesis Boots","ffa335ee","1","Epic","4","https://classicdb.ch/?item=16927","2018.02.08"
"Rockafella","Green Hakkari Bijou","ff0070dd","1","Blue","3","https://classicdb.ch/?item=19711","2017.12.10"
"Rockafella","Bingles' Wrench","ffffffff","1","White","1","https://classicdb.ch/?item=7343","2018.03.10"
"Rockafella","Pants of Prophecy","ffa335ee","1","Epic","4","https://classicdb.ch/?item=16814","2018.02.08"
"Rockafella","Bingles' Hammer","ffffffff","1","White","1","https://classicdb.ch/?item=7346","2018.03.10"
"Rockafella","Gurubashi Coin","ff1eff00","1","Green","2","https://classicdb.ch/?item=19701","2017.12.10"
"Rockafella","Peacekeeper Leggings","ff0070dd","1","Blue","3","https://classicdb.ch/?item=20266","2017.12.10"
"Rockafella","Bingles' Screwdriver","ffffffff","1","White","1","https://classicdb.ch/?item=7345","2018.03.10"
"Rockafella","Bloodscalp Coin","ff1eff00","1","Green","2","https://classicdb.ch/?item=19706","2017.12.10"
"Rockafella","Hand of Gehennas","ffffffff","1","White","1","https://classicdb.ch/?item=17331","2017.09.17"
"Rockafella","Lesser Mana Potion","ffffffff","1","White","1","https://classicdb.ch/?item=3385","2018.03.11"
"Rockafella","The Black Book","ffa335ee","1","Epic","4","https://classicdb.ch/?item=19337","2018.01.21"
"Rockafella","Hand of Lucifron","ffffffff","1","White","1","https://classicdb.ch/?item=17329","2017.09.17"
"Rockafella","Small Venom Sac","ffffffff","1","White","1","https://classicdb.ch/?item=1475","2018.03.11"
"Rockafella","Small Spider Leg","ffffffff","4","White","1","https://classicdb.ch/?item=5465","2018.03.11"
"Rockafella","Ivycloth Pants of the Eagle","ff1eff00","1","Green","2","https://classicdb.ch/?item=9797","2018.03.11"
"Rockafella","Taut Dragonhide Belt","ffa335ee","1","Epic","4","https://classicdb.ch/?item=19396","2018.02.08"
"Rockafella","Moist Cornbread","ffffffff","1","White","1","https://classicdb.ch/?item=4542","2018.03.11"
"Rockafella","Taut Dragonhide Gloves","ffa335ee","1","Epic","4","https://classicdb.ch/?item=19390","2018.02.08"
"Rockafella","Stormrage Handguards","ffa335ee","1","Epic","4","https://classicdb.ch/?item=16899","2018.02.08"
"Rockafella","Iron Ore","ffffffff","1","White","1","https://classicdb.ch/?item=2772","2018.03.11"
"Rockafella","Hand of Shazzrah","ffffffff","1","White","1","https://classicdb.ch/?item=17332","2017.09.17"
"Rockafella","Minor Mana Potion","ffffffff","1","White","1","https://classicdb.ch/?item=2455","2018.03.11"
"Rockafella","Hand of Sulfuron","ffffffff","1","White","1","https://classicdb.ch/?item=17330","2017.09.17"
"Rockafella","Netherwind Gloves","ffa335ee","1","Epic","4","https://classicdb.ch/?item=16913","2017.10.05"
"Rockafella","Light Feather","ffffffff","1","White","1","https://classicdb.ch/?item=17056","2018.03.10"
"Rockafella","Carved Stone Idol","ffffffff","8","White","1","https://classicdb.ch/?item=2636","2018.03.10"
"Rockafella","Blue Leather Bag","ffffffff","1","White","1","https://classicdb.ch/?item=856","2018.03.10"
"Rockafella","Crocolisk Skin","ffffffff","6","White","1","https://classicdb.ch/?item=2925","2018.03.10"
"Rockafella","Runecloth","ffffffff","1","White","1","https://classicdb.ch/?item=14047","2017.12.10"
"Rockafella","Small Egg","ffffffff","2","White","1","https://classicdb.ch/?item=6889","2018.03.10"
"Rockafella","Sayge's Fortune #28","ffffffff","1","White","1","https://classicdb.ch/?item=19453","2018.02.08"
"Rockafella","Tangy Clam Meat","ffffffff","2","White","1","https://classicdb.ch/?item=5504","2018.03.20"
"Rockafella","Pattern: Colorful Kilt","ff1eff00","1","Green","2","https://classicdb.ch/?item=10316","2018.03.11"
"Rockafella","Murloc Fin","ffffffff","1","White","1","https://classicdb.ch/?item=1468","2018.03.20"
"Rockafella","Seer's Pants","ff1eff00","1","Green","2","https://classicdb.ch/?item=2982","2018.03.11"
"Rockafella","Minor Healing Potion","ffffffff","1","White","1","https://classicdb.ch/?item=118","2018.03.10"
"Rockafella","Crocolisk Meat","ffffffff","6","White","1","https://classicdb.ch/?item=2924","2018.03.10"
"Rockafella","Intrepid Strongbox Key","ffffffff","1","White","1","https://classicdb.ch/?item=2629","2018.03.20"
"Rockafella","Pattern: Hillman's Leather Vest","ff1eff00","1","Green","2","https://classicdb.ch/?item=4293","2018.03.11"
"Rockafella","Gloves of Prophecy","ffa335ee","1","Epic","4","https://classicdb.ch/?item=16812","2018.02.08"
"Rockafella","Bingles' Blastencapper","ffffffff","1","White","1","https://classicdb.ch/?item=7376","2018.03.10"
"Rockafella","The Black Book","ffa335ee","1","Epic","4","https://classicdb.ch/?item=19337","2018.02.08"
"Rockafella","Helm of the Lifegiver","ffa335ee","1","Epic","4","https://classicdb.ch/?item=18870","2018.02.08"
"Rockafella","Judgement Belt","ffa335ee","2","Epic","4","https://classicdb.ch/?item=16952","2018.02.08"
"Rockafella","Stormrage Bracers","ffa335ee","1","Epic","4","https://classicdb.ch/?item=16904","2018.02.08"
"Rockafella","Circlet of Prophecy","ffa335ee","1","Epic","4","https://classicdb.ch/?item=16813","2018.02.08"
