"Name","Leave","Date","Mode"
"Ensyo","11:51:19","2017.12.24","leave"
"Daemontools","11:52:11","2017.12.24","leave"
"Daemontools","12:03:26","2017.12.24","leave"
"Zessy","10:10:21","2017.12.26","leave"
"Zessy","10:10:44","2017.12.26","leave"
"Verus","10:12:34","2017.12.26","leave"
"Remeraz","10:13:53","2017.12.26","leave"
"Remeraz","10:16:27","2017.12.26","leave"
"Jimbaws","10:16:47","2017.12.26","leave"
"Jimbaws","10:21:37","2017.12.26","leave"
"Shrin","10:21:45","2017.12.26","leave"
"Jimbaws","10:21:51","2017.12.26","leave"
"Remeraz","10:23:38","2017.12.26","leave"
"Gaff","10:23:38","2017.12.26","leave"
"Ziggizag","10:24:32","2017.12.26","leave"
"Ziggizag","10:28:58","2017.12.26","leave"
"Rockafella","10:58:48","2017.12.26","leave"
"Rockafella","11:11:12","2017.12.26","leave"
"Zessy","11:17:56","2017.12.26","leave"
"Zessy","11:18:03","2017.12.26","leave"
"Falassion","11:20:48","2017.12.26","leave"
"Falassion","11:21:08","2017.12.26","leave"
"Sillinhaju","12:04:52","2017.12.26","leave"
"Oldmansmegma","12:04:52","2017.12.26","leave"
"Jimbaws","12:04:52","2017.12.26","leave"
"Jimbaws","12:05:35","2017.12.26","leave"
"Lite","12:05:49","2017.12.26","leave"
"Melorelena","12:05:49","2017.12.26","leave"
"Aiyda","12:06:22","2017.12.26","leave"
"Veramal","12:06:42","2017.12.26","leave"
"Zendaril","12:06:47","2017.12.26","leave"
"Chuckpants","12:07:06","2017.12.26","leave"
"Gaff","12:07:08","2017.12.26","leave"
"Gnozina","12:07:09","2017.12.26","leave"
"Remeraz","12:07:11","2017.12.26","leave"
"Aiyda","12:07:12","2017.12.26","leave"
"Cyanrage","12:07:13","2017.12.26","leave"
"Oldmansmegma","12:07:14","2017.12.26","leave"
"Hehra","12:07:14","2017.12.26","leave"
"Sillinhaju","12:07:16","2017.12.26","leave"
"Daemontools","12:07:18","2017.12.26","leave"
"Zessy","12:07:19","2017.12.26","leave"
"Melorelena","12:07:20","2017.12.26","leave"
"Valknut","12:07:20","2017.12.26","leave"
"Shrin","12:07:21","2017.12.26","leave"
"Rockafella","12:07:22","2017.12.26","leave"
"Daemontools","07:46:01","2017.12.24","leave"
"Koiraa","08:48:32","2017.12.24","leave"
"Shaucks","10:13:45","2017.12.24","leave"
"Sparkstrip","10:13:45","2017.12.24","leave"
"Virii","10:13:45","2017.12.24","leave"
"Rudwis","10:13:45","2017.12.24","leave"
"Cangqiong","10:13:45","2017.12.24","leave"
"Smasherkingg","10:14:05","2017.12.24","leave"
"Duyam","10:14:05","2017.12.24","leave"
"Unknown","10:19:20","2017.12.24","leave"
"Unknown","10:19:20","2017.12.24","leave"
"Unknown","10:19:20","2017.12.24","leave"
"Jimbaws","02:51:11","2017.12.24","leave"
"Jimbaws","03:15:26","2017.12.24","leave"
"Daemontools","03:23:51","2017.12.24","leave"
"Daemontools","03:32:08","2017.12.24","leave"
"Oldmansmegma","12:53:53","2017.12.22","leave"
"Hupiukko","12:55:15","2017.12.22","leave"
"Shrin","12:59:06","2017.12.22","leave"
"Yippi","13:26:05","2017.12.22","leave"
"Stealthunt","13:26:23","2017.12.22","leave"
"Valknut","13:26:30","2017.12.22","leave"
"Oldmansmegma","13:26:33","2017.12.22","leave"
"Gnozina","13:27:09","2017.12.22","leave"
"Veramal","13:27:48","2017.12.22","leave"
"Ivyfang","13:28:10","2017.12.22","leave"
"Rockafella","13:28:46","2017.12.22","leave"
"Healsmeguy","13:28:46","2017.12.22","leave"
"Ziggizag","13:30:18","2017.12.22","leave"
"Sillinhaju","13:31:23","2017.12.22","leave"
"Siilf","13:31:24","2017.12.22","leave"
"Hupiukko","13:31:25","2017.12.22","leave"
"Daemontools","13:31:26","2017.12.22","leave"
"Healsmeguy","13:31:28","2017.12.22","leave"
"Rockafella","13:31:29","2017.12.22","leave"
"Yippi","13:31:31","2017.12.22","leave"
"Falassion","13:31:32","2017.12.22","leave"
"Nzo","13:31:34","2017.12.22","leave"
"Pyumanou","13:31:35","2017.12.22","leave"
"Shrin","13:31:36","2017.12.22","leave"
"Gnozina","13:31:37","2017.12.22","leave"
"Raitr","09:45:29","2017.12.22","leave"
"Ivyfang","09:45:49","2017.12.22","leave"
"Ziggizag","09:46:42","2017.12.22","leave"
"Shrin","09:48:52","2017.12.22","leave"
"Hupiukko","10:02:47","2017.12.22","leave"
"Mortisia","10:22:01","2017.12.22","leave"
"Mortisia","10:22:08","2017.12.22","leave"
"Mortisia","10:31:08","2017.12.22","leave"
"Ziggizag","11:17:20","2017.12.22","leave"
"Hupiukko","11:17:21","2017.12.22","leave"
"Oldmansmegma","11:17:21","2017.12.22","leave"
"Shrin","11:17:24","2017.12.22","leave"
"Pyumanou","11:17:25","2017.12.22","leave"
"Siilf","11:17:36","2017.12.22","leave"
"Healsmeguy","11:17:36","2017.12.22","leave"
"Ivyfang","11:17:39","2017.12.22","leave"
"Yippi","11:17:39","2017.12.22","leave"
"Daemontools","11:17:41","2017.12.22","leave"
"Remeraz","11:17:43","2017.12.22","leave"
"Rockafella","11:17:44","2017.12.22","leave"
"Nzo","11:17:48","2017.12.22","leave"
"Pyumanou","11:23:02","2017.12.22","leave"
"Twiterion","04:18:08","2017.12.22","leave"
"Twiterion","04:21:01","2017.12.22","leave"
"Purginheresy","05:45:59","2017.12.22","leave"
"Tng","05:48:33","2017.12.22","leave"
"Helitheus","09:11:26","2017.12.21","leave"
"Gafftroll","09:12:11","2017.12.21","leave"
"Yippi","09:27:24","2017.12.21","leave"
"Stealthunt","09:28:22","2017.12.21","leave"
"Ziggizag","09:29:35","2017.12.21","leave"
"Tapsu","09:30:35","2017.12.21","leave"
"Wreaine","09:32:26","2017.12.21","leave"
"Falassion","10:11:35","2017.12.21","leave"
"Sesek","10:11:56","2017.12.21","leave"
"Raitr","10:12:17","2017.12.21","leave"
"Sesek","10:15:20","2017.12.21","leave"
"Jimbaws","10:16:40","2017.12.21","leave"
"Hupiukko","10:16:51","2017.12.21","leave"
"Saintgermain","10:16:55","2017.12.21","leave"
"Pyumanou","10:17:30","2017.12.21","leave"
"Illsmakyaded","10:17:59","2017.12.21","leave"
"Falassion","10:18:21","2017.12.21","leave"
"Kuutar","10:21:59","2017.12.21","leave"
"Furhundredms","10:23:32","2017.12.21","leave"
"Healsmeguy","10:25:43","2017.12.21","leave"
"Casablancas","10:26:51","2017.12.21","leave"
"Ziggizag","10:27:35","2017.12.21","leave"
"Stealthunt","10:27:35","2017.12.21","leave"
"Rockafella","10:28:08","2017.12.21","leave"
"Naraak","10:28:32","2017.12.21","leave"
"Sherdan","10:44:34","2017.12.21","leave"
"Sesek","11:11:14","2017.12.21","leave"
"Stealthunt","12:30:47","2017.12.21","leave"
"Saintgermain","12:31:54","2017.12.21","leave"
"Zendaril","12:31:54","2017.12.21","leave"
"Saintgermain","12:32:42","2017.12.21","leave"
"Healsmeguy","12:32:42","2017.12.21","leave"
"Zendaril","12:32:45","2017.12.21","leave"
"Lonis","12:32:45","2017.12.21","leave"
"Lonis","12:32:52","2017.12.21","leave"
"Sillinhaju","12:32:52","2017.12.21","leave"
"Lonis","12:33:16","2017.12.21","leave"
"Nzo","12:33:55","2017.12.21","leave"
"Falassion","12:35:02","2017.12.21","leave"
"Nzo","12:39:22","2017.12.21","leave"
"Sesek","12:39:22","2017.12.21","leave"
"Helitheus","12:41:46","2017.12.21","leave"
"Rorrz","13:06:00","2017.12.21","leave"
"Mendacius","13:49:42","2017.12.21","leave"
"Mendacius","14:06:43","2017.12.21","leave"
"Gaff","14:13:56","2017.12.21","leave"
"Sillinhaju","14:14:10","2017.12.21","leave"
"Constantlee","14:14:37","2017.12.21","leave"
"Jinxed","14:14:37","2017.12.21","leave"
"Yippi","14:14:53","2017.12.21","leave"
"Noiry","14:15:22","2017.12.21","leave"
"Sodanickel","14:15:31","2017.12.21","leave"
"Corgif","14:15:34","2017.12.21","leave"
"Killakam","14:15:36","2017.12.21","leave"
"Sesek","14:15:37","2017.12.21","leave"
"Veramal","14:15:51","2017.12.21","leave"
"Rockafella","14:15:58","2017.12.21","leave"
"Tapsu","14:16:29","2017.12.21","leave"
"Cyanrage","14:16:29","2017.12.21","leave"
"Jinxed","14:16:41","2017.12.21","leave"
"Cyanrage","14:16:52","2017.12.21","leave"
"Ivyfang","14:17:00","2017.12.21","leave"
"Stormhammer","14:17:34","2017.12.21","leave"
"Pyumanou","14:17:34","2017.12.21","leave"
"Zondaril","14:17:34","2017.12.21","leave"
"Jimbaws","14:17:40","2017.12.21","leave"
"Wreaine","14:17:40","2017.12.21","leave"
"Healsmeguy","14:17:40","2017.12.21","leave"
"Casablancas","14:17:43","2017.12.21","leave"
"Healsmeguy","14:17:45","2017.12.21","leave"
"Zahak","14:17:46","2017.12.21","leave"
"Pyumanou","14:17:52","2017.12.21","leave"
"Siilf","14:17:54","2017.12.21","leave"
"Zondaril","14:18:03","2017.12.21","leave"
"Emillen","10:16:24","2017.12.19","leave"
"Healsmeguy","10:16:24","2017.12.19","leave"
"Veramal","10:17:27","2017.12.19","leave"
"Sillinhaju","10:19:00","2017.12.19","leave"
"Azronin","09:48:09","2017.12.18","leave"
"Veramal","10:02:38","2017.12.18","leave"
"Stealthunt","10:05:29","2017.12.18","leave"
"Azronin","10:08:41","2017.12.18","leave"
"Remeraz","10:09:39","2017.12.18","leave"
"Stealthunt","09:57:00","2017.12.17","leave"
"Illsmakyaded","10:01:58","2017.12.17","leave"
"Furhundredms","10:06:47","2017.12.17","leave"
"Illsmakyaded","10:06:49","2017.12.17","leave"
"Jimbaws","10:06:54","2017.12.17","leave"
"Daemontools","10:07:07","2017.12.17","leave"
"Zendaril","10:13:07","2017.12.17","leave"
"Zendaril","10:15:52","2017.12.17","leave"
"Helitheus","10:16:13","2017.12.17","leave"
"Remeraz","10:25:42","2017.12.17","leave"
"Nzo","10:26:11","2017.12.17","leave"
"Nzo","10:27:10","2017.12.17","leave"
"Jinxed","10:28:14","2017.12.17","leave"
"Glacialwrath","10:39:46","2017.12.17","leave"
"Lightisle","10:45:46","2017.12.17","leave"
"Helitheus","10:52:25","2017.12.17","leave"
"Constantlee","10:52:25","2017.12.17","leave"
"Zendaril","10:52:27","2017.12.17","leave"
"Fleinders","11:31:15","2017.12.17","leave"
"Siilf","11:33:26","2017.12.17","leave"
"Lightisle","11:33:57","2017.12.17","leave"
"Illsmakyaded","11:34:20","2017.12.17","leave"
"Verus","11:34:31","2017.12.17","leave"
"Rockafella","11:34:31","2017.12.17","leave"
"Chuckpants","11:34:39","2017.12.17","leave"
"Mendacius","11:34:39","2017.12.17","leave"
"Constantlee","11:35:50","2017.12.17","leave"
"Lonis","11:35:50","2017.12.17","leave"
"Veramal","11:36:07","2017.12.17","leave"
"Hearthadin","11:36:15","2017.12.17","leave"
"Daemontools","11:36:15","2017.12.17","leave"
"Emillen","11:36:19","2017.12.17","leave"
"Daemontools","11:36:26","2017.12.17","leave"
"Stealthunt","11:37:07","2017.12.17","leave"
"Stealthunt","11:38:21","2017.12.17","leave"
"Siilf","11:38:22","2017.12.17","leave"
"Jimbaws","11:38:23","2017.12.17","leave"
"Mendacius","11:38:57","2017.12.17","leave"
"Pyumanou","11:39:24","2017.12.17","leave"
"Healsumaybe","12:52:35","2017.12.17","leave"
"Shrin","13:55:20","2017.12.17","leave"
"Furhundredms","13:56:39","2017.12.17","leave"
"Theekiter","13:56:41","2017.12.17","leave"
"Rockafella","13:56:45","2017.12.17","leave"
"Stormhammer","13:56:48","2017.12.17","leave"
"Mendacius","13:56:52","2017.12.17","leave"
"Ziggizag","13:56:55","2017.12.17","leave"
"Tapsu","13:56:56","2017.12.17","leave"
"Jimbaws","13:57:06","2017.12.17","leave"
"Remeraz","13:57:06","2017.12.17","leave"
"Wreaine","13:57:30","2017.12.17","leave"
"Yahooer","09:49:13","2017.12.17","leave"
"Wintermage","09:49:13","2017.12.17","leave"
"Constantlee","03:08:39","2017.12.17","leave"
"Siilf","03:08:39","2017.12.17","leave"
"Veramal","03:08:39","2017.12.17","leave"
"Daemontools","03:08:40","2017.12.17","leave"
"Siilf","03:09:10","2017.12.17","leave"
"Veramal","03:11:02","2017.12.17","leave"
"Remeraz","03:34:33","2017.12.17","leave"
"Daemontools","03:34:37","2017.12.17","leave"
"Jimbaws","03:36:09","2017.12.17","leave"
"Naraak","03:36:30","2017.12.17","leave"
"Remeraz","03:55:35","2017.12.17","leave"
"Stormhammer","03:55:35","2017.12.17","leave"
"Raitr","09:13:47","2017.12.14","leave"
"Raitr","09:14:46","2017.12.14","leave"
"Saintgermain","09:18:14","2017.12.14","leave"
"Falassion","09:18:22","2017.12.14","leave"
"Aiyda","09:19:03","2017.12.14","leave"
"Sydelle","09:19:29","2017.12.14","leave"
"Ivyfang","09:20:21","2017.12.14","leave"
"Ivyfang","09:22:42","2017.12.14","leave"
"Oldmansmegma","09:24:55","2017.12.14","leave"
"Sesek","09:53:53","2017.12.14","leave"
"Illsmakyaded","10:09:04","2017.12.14","leave"
"Nzo","10:11:51","2017.12.14","leave"
"Raitr","10:12:38","2017.12.14","leave"
"Sesek","10:14:06","2017.12.14","leave"
"Remeraz","10:15:03","2017.12.14","leave"
"Kissitbetter","10:16:01","2017.12.14","leave"
"Aiyda","10:17:03","2017.12.14","leave"
"Gnozina","10:17:36","2017.12.14","leave"
"Pyumanou","10:19:11","2017.12.14","leave"
"Falassion","10:19:23","2017.12.14","leave"
"Ivyfang","10:20:05","2017.12.14","leave"
"Malexia","10:24:49","2017.12.14","leave"
"Falassion","10:28:17","2017.12.14","leave"
"Zendaril","10:28:32","2017.12.14","leave"
"Mendacius","10:28:33","2017.12.14","leave"
"Sesek","10:29:43","2017.12.14","leave"
"Ivyfang","10:29:53","2017.12.14","leave"
"Mendacius","10:29:53","2017.12.14","leave"
"Nite","10:29:57","2017.12.14","leave"
"Shrin","10:30:23","2017.12.14","leave"
"Yippi","10:30:23","2017.12.14","leave"
"Daemontools","10:30:23","2017.12.14","leave"
"Grundig","10:30:55","2017.12.14","leave"
"Noiry","11:52:41","2017.12.14","leave"
"Chendi","11:52:56","2017.12.14","leave"
"Rockafella","11:53:00","2017.12.14","leave"
"Malexia","11:53:00","2017.12.14","leave"
"Illsmakyaded","11:53:01","2017.12.14","leave"
"Ivyfang","11:53:01","2017.12.14","leave"
"Killakam","11:53:03","2017.12.14","leave"
"Nite","11:53:04","2017.12.14","leave"
"Sesek","11:53:06","2017.12.14","leave"
"Gaff","11:53:06","2017.12.14","leave"
"Saintgermain","11:53:08","2017.12.14","leave"
"Gnozina","11:53:09","2017.12.14","leave"
"Oldmansmegma","11:53:09","2017.12.14","leave"
"Nzo","11:53:10","2017.12.14","leave"
"Pyumanou","11:53:13","2017.12.14","leave"
"Jimbaws","11:53:24","2017.12.14","leave"
"Mendacius","11:53:25","2017.12.14","leave"
"Remeraz","11:53:31","2017.12.14","leave"
"Rorrz","11:53:35","2017.12.14","leave"
"Fleinders","11:53:36","2017.12.14","leave"
"Yippi","11:53:41","2017.12.14","leave"
"Sylvanuus","11:53:41","2017.12.14","leave"
"Purplejunkie","11:53:50","2017.12.14","leave"
"Siilf","11:53:55","2017.12.14","leave"
"Zendaril","11:53:55","2017.12.14","leave"
"Casablancas","11:54:03","2017.12.14","leave"
"Emillen","11:54:06","2017.12.14","leave"
"Tapsu","11:54:07","2017.12.14","leave"
"Corgif","11:54:18","2017.12.14","leave"
"Daemontools","11:54:20","2017.12.14","leave"
"Sodanickel","11:54:20","2017.12.14","leave"
"Zendaril","12:10:28","2017.12.14","leave"
"Rorrz","12:11:58","2017.12.14","leave"
"Aiyda","12:13:29","2017.12.14","leave"
"Wreaine","12:14:39","2017.12.14","leave"
"Stealthunt","12:15:06","2017.12.14","leave"
"Constantlee","12:15:21","2017.12.14","leave"
"Daemontools","12:15:26","2017.12.14","leave"
"Saintgermain","12:15:57","2017.12.14","leave"
"Pyumanou","12:15:57","2017.12.14","leave"
"Saintgermain","12:17:06","2017.12.14","leave"
"Ivyfang","12:17:10","2017.12.14","leave"
"Stealthunt","12:20:51","2017.12.14","leave"
"Constantlee","12:24:33","2017.12.14","leave"
"Sherdan","12:40:53","2017.12.14","leave"
"Oldmansmegma","13:00:25","2017.12.14","leave"
"Zahak","13:35:34","2017.12.14","leave"
"Zahak","13:35:47","2017.12.14","leave"
"Saintgermain","13:46:30","2017.12.14","leave"
"Saintgermain","13:46:51","2017.12.14","leave"
"Rockafella","13:56:14","2017.12.14","leave"
"Chendi","13:56:14","2017.12.14","leave"
"Noiry","13:56:14","2017.12.14","leave"
"Gaff","13:56:14","2017.12.14","leave"
"Noiry","13:56:19","2017.12.14","leave"
"Ivyfang","13:56:19","2017.12.14","leave"
"Zondaril","13:56:19","2017.12.14","leave"
"Rockafella","13:56:54","2017.12.14","leave"
"Nite","13:57:11","2017.12.14","leave"
"Zahak","13:57:15","2017.12.14","leave"
"Stormhammer","13:57:28","2017.12.14","leave"
"Chendi","13:57:30","2017.12.14","leave"
"Zondaril","13:58:49","2017.12.14","leave"
"Killakam","13:58:49","2017.12.14","leave"
"Shrin","13:58:49","2017.12.14","leave"
"Illsmakyaded","13:58:59","2017.12.14","leave"
"Yippi","13:59:03","2017.12.14","leave"
"Sodanickel","13:59:03","2017.12.14","leave"
"Ivyfang","13:59:06","2017.12.14","leave"
"Tapsu","14:00:01","2017.12.14","leave"
"Grundig","14:00:25","2017.12.14","leave"
"Fleinders","14:00:32","2017.12.14","leave"
"Gnozina","14:00:37","2017.12.14","leave"
"Nzo","14:00:38","2017.12.14","leave"
"Verus","14:00:54","2017.12.14","leave"
"Casablancas","14:01:04","2017.12.14","leave"
"Killakam","14:02:29","2017.12.14","leave"
"Wreaine","14:02:35","2017.12.14","leave"
"Corgif","14:02:48","2017.12.14","leave"
"Sylvanuus","14:02:50","2017.12.14","leave"
"Remeraz","14:03:06","2017.12.14","leave"
"Purplejunkie","14:03:07","2017.12.14","leave"
"Sesek","14:03:11","2017.12.14","leave"
"Roylock","14:03:12","2017.12.14","leave"
"Siilf","14:03:13","2017.12.14","leave"
"Raitr","09:19:20","2017.12.10","leave"
"Ivyfang","09:22:28","2017.12.10","leave"
"Malexia","09:23:41","2017.12.10","leave"
"Raitr","09:25:24","2017.12.10","leave"
"Sherdan","09:25:45","2017.12.10","leave"
"Pyumanou","09:25:46","2017.12.10","leave"
"Furhundredms","09:26:07","2017.12.10","leave"
"Zahak","09:26:07","2017.12.10","leave"
"Casablancas","09:26:07","2017.12.10","leave"
"Daemontools","09:26:07","2017.12.10","leave"
"Malexia","09:26:23","2017.12.10","leave"
"Stealthunt","09:27:31","2017.12.10","leave"
"Ensyo","09:28:15","2017.12.10","leave"
"Mortisia","10:08:24","2017.12.10","leave"
"Rockafella","10:09:10","2017.12.10","leave"
"Sillinhaju","10:10:38","2017.12.10","leave"
"Ivyfang","10:10:46","2017.12.10","leave"
"Emillen","10:11:02","2017.12.10","leave"
"Stealthunt","10:12:26","2017.12.10","leave"
"Pyumanou","10:12:26","2017.12.10","leave"
"Falassion","10:12:26","2017.12.10","leave"
"Furhundredms","10:12:26","2017.12.10","leave"
"Shrin","10:12:26","2017.12.10","leave"
"Remeraz","10:12:26","2017.12.10","leave"
"Wreaine","10:12:26","2017.12.10","leave"
"Chendi","10:12:26","2017.12.10","leave"
"Sesek","10:12:26","2017.12.10","leave"
"Jimbaws","10:12:26","2017.12.10","leave"
"Falassion","10:13:27","2017.12.10","leave"
"Pyumanou","10:13:43","2017.12.10","leave"
"Sesek","10:13:45","2017.12.10","leave"
"Shrin","10:13:47","2017.12.10","leave"
"Sodanickel","10:14:50","2017.12.10","leave"
"Rockafella","10:15:14","2017.12.10","leave"
"Zeale","10:20:15","2017.12.10","leave"
"Raitr","10:21:25","2017.12.10","leave"
"Stealthunt","11:54:09","2017.12.10","leave"
"Noiry","11:54:18","2017.12.10","leave"
"Ivyfang","11:54:18","2017.12.10","leave"
"Gnozina","11:54:18","2017.12.10","leave"
"Chendi","11:54:28","2017.12.10","leave"
"Zondaril","11:55:21","2017.12.10","leave"
"Malexia","11:55:26","2017.12.10","leave"
"Zahak","11:56:11","2017.12.10","leave"
"Valknut","11:56:11","2017.12.10","leave"
"Remeraz","11:56:11","2017.12.10","leave"
"Sesek","10:16:45","2017.12.07","leave"
"Hupiukko","10:16:47","2017.12.07","leave"
"Naraak","10:23:18","2017.12.07","leave"
"Furhundredms","10:30:55","2017.12.07","leave"
"Nzo","10:35:01","2017.12.07","leave"
"Magisly","10:35:01","2017.12.07","leave"
"Illsmakyaded","10:35:03","2017.12.07","leave"
"Hupiukko","10:35:03","2017.12.07","leave"
"Oldmansmegma","10:35:32","2017.12.07","leave"
"Daemontools","10:35:32","2017.12.07","leave"
"Siilf","10:35:32","2017.12.07","leave"
"Zendaril","10:35:32","2017.12.07","leave"
"Pyumanou","10:35:47","2017.12.07","leave"
"Illsmakyaded","10:35:47","2017.12.07","leave"
"Magisly","10:48:24","2017.12.07","leave"
"Unknown","11:09:26","2017.12.07","leave"
"Sesek","11:29:20","2017.12.07","leave"
"Roger","12:05:38","2017.12.07","leave"
"Chendi","12:09:25","2017.12.07","leave"
"Stealthunt","12:09:25","2017.12.07","leave"
"Daemontools","12:09:30","2017.12.07","leave"
"Illsmakyaded","12:10:35","2017.12.07","leave"
"Noiry","12:13:24","2017.12.07","leave"
"Sesek","12:13:25","2017.12.07","leave"
"Illsmakyaded","12:13:28","2017.12.07","leave"
"Ivyfang","12:13:32","2017.12.07","leave"
"Zendaril","12:13:33","2017.12.07","leave"
"Rockafella","12:13:40","2017.12.07","leave"
"Valknut","12:13:46","2017.12.07","leave"
"Jimbaws","12:13:49","2017.12.07","leave"
"Pyumanou","12:13:50","2017.12.07","leave"
"Sketch","12:13:53","2017.12.07","leave"
"Nzo","12:13:59","2017.12.07","leave"
"Jimbaws","12:20:47","2017.12.07","leave"
"Daemontools","12:25:45","2017.12.07","leave"
"Illsmakyaded","12:26:43","2017.12.07","leave"
"Chendi","12:27:08","2017.12.07","leave"
"Stealthunt","12:27:16","2017.12.07","leave"
"Ivyfang","12:27:48","2017.12.07","leave"
"Gaff","12:28:14","2017.12.07","leave"
"Pyumanou","12:28:22","2017.12.07","leave"
"Gaff","12:40:54","2017.12.07","leave"
"Illsmakyaded","12:46:42","2017.12.07","leave"
"Enchiladaman","12:46:56","2017.12.07","leave"
"Stealthunt","12:47:28","2017.12.07","leave"
"Sketch","12:47:36","2017.12.07","leave"
"Gaff","12:47:45","2017.12.07","leave"
"Enchiladaman","12:48:57","2017.12.07","leave"
"Sketch","12:48:58","2017.12.07","leave"
"Noiry","12:49:16","2017.12.07","leave"
"Sodanickel","12:49:35","2017.12.07","leave"
"Noiry","12:49:56","2017.12.07","leave"
"Nzo","12:50:23","2017.12.07","leave"
"Saintgermain","12:51:11","2017.12.07","leave"
"Yrion","12:53:18","2017.12.07","leave"
"Yrion","12:54:07","2017.12.07","leave"
"Sesek","12:55:32","2017.12.07","leave"
"Valknut","13:09:30","2017.12.07","leave"
"Hupiukko","13:10:21","2017.12.07","leave"
"Chendi","13:10:32","2017.12.07","leave"
"Mendacius","13:10:32","2017.12.07","leave"
"Purplejunkie","13:10:32","2017.12.07","leave"
"Unknown","13:11:38","2017.12.07","leave"
"Unknown","13:11:38","2017.12.07","leave"
"Unknown","13:11:38","2017.12.07","leave"
"Purplejunkie","13:11:51","2017.12.07","leave"
"Oldmansmegma","13:12:08","2017.12.07","leave"
"Fleinders","13:12:24","2017.12.07","leave"
"Healsmeguy","13:12:28","2017.12.07","leave"
"Ivyfang","13:12:29","2017.12.07","leave"
"Yippi","13:12:58","2017.12.07","leave"
"Remeraz","13:13:18","2017.12.07","leave"
"Mendacius","13:14:51","2017.12.07","leave"
"Gnozina","13:20:33","2017.12.07","leave"
"Falassion","13:21:02","2017.12.07","leave"
"Purplejunkie","13:23:12","2017.12.07","leave"
"Pyumanou","13:23:19","2017.12.07","leave"
"Jimbaws","13:23:22","2017.12.07","leave"
"Wreaine","13:23:23","2017.12.07","leave"
"Hupiukko","13:23:25","2017.12.07","leave"
"Shrin","13:25:37","2017.12.07","leave"
"Falassion","13:25:39","2017.12.07","leave"
"Chendi","13:25:41","2017.12.07","leave"
"Siilf","13:27:07","2017.12.07","leave"
"Wreaine","13:27:12","2017.12.07","leave"
"Killakam","13:28:25","2017.12.07","leave"
"Rockafella","13:37:40","2017.12.07","leave"
"Sodanickel","13:53:10","2017.12.07","leave"
"Sodanickel","13:54:08","2017.12.07","leave"
"Daemontools","13:58:32","2017.12.07","leave"
"Nzo","13:59:39","2017.12.07","leave"
"Ivyfang","10:14:39","2017.12.06","leave"
"Shrin","10:54:59","2017.12.06","leave"
"Ivyfang","10:55:01","2017.12.06","leave"
"Criddle","10:55:02","2017.12.06","leave"
"Theekiter","13:57:16","2017.12.03","leave"
"Amhras","09:16:01","2017.12.03","leave"
"Trula","10:15:20","2017.12.03","leave"
"Falassion","10:22:58","2017.12.03","leave"
"Zeale","10:29:30","2017.12.03","leave"
"Nzo","12:01:02","2017.12.03","leave"
"Amhras","12:08:57","2017.12.03","leave"
"Zendaril","12:08:57","2017.12.03","leave"
"Yrion","12:08:57","2017.12.03","leave"
"Veramal","12:08:59","2017.12.03","leave"
"Aidda","12:08:59","2017.12.03","leave"
"Enchiladaman","12:09:19","2017.12.03","leave"
"Remeraz","12:09:43","2017.12.03","leave"
"Amhras","12:09:43","2017.12.03","leave"
"Trula","12:10:33","2017.12.03","leave"
"Yrion","12:10:38","2017.12.03","leave"
"Daemontools","12:10:45","2017.12.03","leave"
"Helitheus","12:10:45","2017.12.03","leave"
"Gaff","12:12:00","2017.12.03","leave"
"Glacialwrath","12:12:16","2017.12.03","leave"
"Mendacius","12:12:23","2017.12.03","leave"
"Helitheus","12:13:02","2017.12.03","leave"
"Furhundredms","12:13:04","2017.12.03","leave"
"Hupiukko","12:14:21","2017.12.03","leave"
"Azunyan","12:14:24","2017.12.03","leave"
"Mendacius","12:14:27","2017.12.03","leave"
"Gaff","12:15:30","2017.12.03","leave"
"Zendaril","12:15:30","2017.12.03","leave"
"Helitheus","12:47:33","2017.12.03","leave"
"Illsmakyaded","12:49:15","2017.12.03","leave"
"Zendaril","12:49:15","2017.12.03","leave"
"Hupiukko","12:49:15","2017.12.03","leave"
"Purplejunkie","12:49:15","2017.12.03","leave"
"Azkaranth","12:49:20","2017.12.03","leave"
"Saintgermain","12:49:20","2017.12.03","leave"
"Hartnor","12:49:40","2017.12.03","leave"
"Rythym","12:49:45","2017.12.03","leave"
"Sesek","12:49:50","2017.12.03","leave"
"Hartnor","12:50:12","2017.12.03","leave"
"Saintgermain","12:50:54","2017.12.03","leave"
"Theseaker","12:51:20","2017.12.03","leave"
"Ivyfang","12:51:20","2017.12.03","leave"
"Constantlee","12:51:20","2017.12.03","leave"
"Bobafaith","12:51:43","2017.12.03","leave"
"Constantlee","12:52:06","2017.12.03","leave"
"Rockafella","12:52:31","2017.12.03","leave"
"Helitheus","12:58:08","2017.12.03","leave"
"Helitheus","13:01:27","2017.12.03","leave"
"Roger","13:02:17","2017.12.03","leave"
"Azunyan","13:16:41","2017.12.03","leave"
"Shrin","13:17:43","2017.12.03","leave"
"Fleinders","13:17:52","2017.12.03","leave"
"Nzo","13:18:12","2017.12.03","leave"
"Rockafella","13:18:23","2017.12.03","leave"
"Gaff","13:18:30","2017.12.03","leave"
"Stealthunt","13:19:41","2017.12.03","leave"
"Pyumanou","13:19:42","2017.12.03","leave"
"Chuckpants","13:19:52","2017.12.03","leave"
"Gnozina","13:20:09","2017.12.03","leave"
"Purplejunkie","13:20:09","2017.12.03","leave"
"Unknown","13:21:59","2017.12.03","leave"
"Ivyfang","13:22:01","2017.12.03","leave"
"Hupiukko","13:22:17","2017.12.03","leave"
"Remeraz","13:22:22","2017.12.03","leave"
"Raitr","09:04:25","2017.11.26","leave"
"Azkaranth","09:07:05","2017.11.26","leave"
"Raitr","09:07:52","2017.11.26","leave"
"Casablancas","09:12:41","2017.11.26","leave"
"Sodanickel","09:14:15","2017.11.26","leave"
"Pyumanou","09:16:06","2017.11.26","leave"
"Illsmakyaded","09:20:20","2017.11.26","leave"
"Oldmansmegma","09:20:44","2017.11.26","leave"
"Pyumanou","09:25:38","2017.11.26","leave"
"Veramal","09:26:31","2017.11.26","leave"
"Oldmansmegma","09:26:42","2017.11.26","leave"
"Sesek","09:29:26","2017.11.26","leave"
"Oldmansmegma","09:35:42","2017.11.26","leave"
"Falassion","09:35:42","2017.11.26","leave"
"Killakam","09:35:42","2017.11.26","leave"
"Constantlee","09:35:42","2017.11.26","leave"
"Saintgermain","09:35:44","2017.11.26","leave"
"Sesek","09:36:30","2017.11.26","leave"
"Remeraz","09:39:51","2017.11.26","leave"
"Falassion","09:39:57","2017.11.26","leave"
"Oldmansmegma","09:39:59","2017.11.26","leave"
"Gnozina","09:39:59","2017.11.26","leave"
"Rockafella","09:39:59","2017.11.26","leave"
"Rockafella","09:40:29","2017.11.26","leave"
"Sodanickel","09:40:29","2017.11.26","leave"
"Zeale","10:28:25","2017.11.26","leave"
"Nzo","10:28:25","2017.11.26","leave"
"Daemontools","10:28:25","2017.11.26","leave"
"Jimbaws","11:06:50","2017.11.26","leave"
"Themayor","11:08:13","2017.11.26","leave"
"Jimbaws","11:08:17","2017.11.26","leave"
"Sta","11:28:10","2017.11.26","leave"
"Illsmakyaded","12:19:33","2017.11.26","leave"
"Chuckpants","12:19:33","2017.11.26","leave"
"Themayor","12:19:46","2017.11.26","leave"
"Oldmansmegma","12:19:46","2017.11.26","leave"
"Casablancas","12:19:46","2017.11.26","leave"
"Azkaranth","12:19:46","2017.11.26","leave"
"Pyumanou","12:19:46","2017.11.26","leave"
"Fleinders","12:19:46","2017.11.26","leave"
"Dof","12:19:46","2017.11.26","leave"
"Sta","12:19:47","2017.11.26","leave"
"Valknut","12:19:47","2017.11.26","leave"
"Stealthunt","12:19:50","2017.11.26","leave"
"Zendaril","12:19:50","2017.11.26","leave"
"Gnozina","12:19:51","2017.11.26","leave"
"Nite","12:19:55","2017.11.26","leave"
"Hupiukko","12:20:14","2017.11.26","leave"
"Dof","12:21:34","2017.11.26","leave"
"Nite","12:21:42","2017.11.26","leave"
"Chendi","12:22:33","2017.11.26","leave"
"Nzo","12:23:34","2017.11.26","leave"
"Saintgermain","12:24:26","2017.11.26","leave"
"Nzo","12:25:23","2017.11.26","leave"
"Valknut","12:46:26","2017.11.26","leave"
"Sesek","12:46:26","2017.11.26","leave"
"Stealthunt","12:46:31","2017.11.26","leave"
"Veramal","12:46:44","2017.11.26","leave"
"Solidronpaul","12:46:44","2017.11.26","leave"
"Gnozina","12:46:44","2017.11.26","leave"
"Magisly","12:46:44","2017.11.26","leave"
"Gaff","12:46:51","2017.11.26","leave"
"Noiry","12:46:51","2017.11.26","leave"
"Mendacius","12:46:51","2017.11.26","leave"
"Noiry","12:46:57","2017.11.26","leave"
"Alfi","12:46:57","2017.11.26","leave"
"Pyumanou","12:47:02","2017.11.26","leave"
"Trula","12:47:02","2017.11.26","leave"
"Unknown","12:48:20","2017.11.26","leave"
"Oldmansmegma","12:48:20","2017.11.26","leave"
"Siilf","12:48:20","2017.11.26","leave"
"Shrin","12:48:20","2017.11.26","leave"
"Mendacius","12:49:05","2017.11.26","leave"
"Magisly","12:50:10","2017.11.26","leave"
"Alfi","12:52:52","2017.11.26","leave"
"Magisly","12:53:06","2017.11.26","leave"
"Trula","12:53:07","2017.11.26","leave"
"Hupiukko","12:53:17","2017.11.26","leave"
"Sodanickel","12:54:13","2017.11.26","leave"
"Sodanickel","13:13:24","2017.11.26","leave"
"Zendaril","13:16:38","2017.11.26","leave"
"Criddle","10:10:52","2017.11.28","leave"
"Killakam","10:12:24","2017.11.28","leave"
"Pyumanou","10:23:55","2017.11.28","leave"
"Killakam","10:50:30","2017.11.28","leave"
"Shrin","10:52:25","2017.11.28","leave"
"Pyumanou","10:56:29","2017.11.28","leave"
"Shrin","10:56:31","2017.11.28","leave"
"Killakam","10:56:33","2017.11.28","leave"
"Aidda","09:26:22","2017.11.30","leave"
"Remeraz","09:26:49","2017.11.30","leave"
"Shrin","09:26:49","2017.11.30","leave"
"Gnozina","09:36:24","2017.11.30","leave"
"Remeraz","09:36:53","2017.11.30","leave"
"Oldmansmegma","09:37:38","2017.11.30","leave"
"Rockafella","09:37:46","2017.11.30","leave"
"Jimbaws","09:44:10","2017.11.30","leave"
"Falassion","09:45:07","2017.11.30","leave"
"Ivyfang","09:45:30","2017.11.30","leave"
"Rockafella","09:45:30","2017.11.30","leave"
"Yippi","09:45:31","2017.11.30","leave"
"Aiyda","09:45:32","2017.11.30","leave"
"Jimbaws","09:45:34","2017.11.30","leave"
"Gnozina","09:45:37","2017.11.30","leave"
"Healsmeguy","09:46:03","2017.11.30","leave"
"Remeraz","09:46:12","2017.11.30","leave"
"Casablancas","09:46:28","2017.11.30","leave"
"Nzo","09:46:38","2017.11.30","leave"
"Casablancas","10:16:09","2017.11.30","leave"
"Rockafella","10:17:23","2017.11.30","leave"
"Oldmansmegma","10:17:23","2017.11.30","leave"
"Illsmakyaded","10:17:23","2017.11.30","leave"
"Azronin","10:17:23","2017.11.30","leave"
"Hupiukko","10:17:23","2017.11.30","leave"
"Unknown","10:23:49","2017.11.30","leave"
"Unknown","10:23:49","2017.11.30","leave"
"Unknown","10:23:49","2017.11.30","leave"
"Unknown","10:23:49","2017.11.30","leave"
"Nite","10:23:56","2017.11.30","leave"
"Ivyfang","10:25:17","2017.11.30","leave"
"Zeale","10:28:00","2017.11.30","leave"
"Azronin","10:30:47","2017.11.30","leave"
"Remeraz","10:34:51","2017.11.30","leave"
"Siilf","10:35:45","2017.11.30","leave"
"Casablancas","10:36:49","2017.11.30","leave"
"Aiyda","10:36:49","2017.11.30","leave"
"Nite","10:36:49","2017.11.30","leave"
"Magisly","10:36:51","2017.11.30","leave"
"Valknut","10:36:51","2017.11.30","leave"
"Solidronpaul","10:37:15","2017.11.30","leave"
"Mendacius","10:37:15","2017.11.30","leave"
"Azkaranth","10:50:59","2017.11.30","leave"
"Purplejunkie","10:50:59","2017.11.30","leave"
"Falassion","11:21:21","2017.11.30","leave"
"Daemontools","11:21:21","2017.11.30","leave"
"Mendacius","11:21:21","2017.11.30","leave"
"Purplejunkie","11:21:21","2017.11.30","leave"
"Nzo","11:21:32","2017.11.30","leave"
"Azkaranth","11:21:32","2017.11.30","leave"
"Daemontools","11:21:52","2017.11.30","leave"
"Shrin","11:22:00","2017.11.30","leave"
"Mendacius","11:22:00","2017.11.30","leave"
"Gaff","13:17:36","2017.11.30","leave"
"Valknut","13:17:46","2017.11.30","leave"
"Azkaranth","13:17:56","2017.11.30","leave"
"Magisly","13:18:00","2017.11.30","leave"
"Healsmeguy","13:18:08","2017.11.30","leave"
"Pyumanou","13:18:08","2017.11.30","leave"
"Jimbaws","13:18:13","2017.11.30","leave"
"Constantlee","13:19:48","2017.11.30","leave"
"Sodanickel","13:19:48","2017.11.30","leave"
"Aiyda","13:20:03","2017.11.30","leave"
"Saintgermain","13:20:04","2017.11.30","leave"
"Grundig","13:20:08","2017.11.30","leave"
"Nzo","13:20:11","2017.11.30","leave"
"Illsmakyaded","13:48:13","2017.11.30","leave"
"Shrin","13:48:48","2017.11.30","leave"
"Rockafella","13:48:48","2017.11.30","leave"
"Gnozina","13:48:48","2017.11.30","leave"
"Oldmansmegma","13:48:48","2017.11.30","leave"
"Casablancas","13:48:48","2017.11.30","leave"
"Purplejunkie","13:48:48","2017.11.30","leave"
"Remeraz","13:48:51","2017.11.30","leave"
"Solidronpaul","13:48:51","2017.11.30","leave"
"Magisly","13:48:58","2017.11.30","leave"
"Stealthunt","13:49:00","2017.11.30","leave"
"Constantlee","13:49:00","2017.11.30","leave"
"Fleinders","13:49:02","2017.11.30","leave"
"Rockafella","13:49:02","2017.11.30","leave"
"Falassion","13:49:02","2017.11.30","leave"
"Saintgermain","13:49:03","2017.11.30","leave"
"Nite","13:49:04","2017.11.30","leave"
"Yippi","13:49:05","2017.11.30","leave"
"Constantlee","13:49:09","2017.11.30","leave"
"Healsmeguy","13:49:09","2017.11.30","leave"
"Daemontools","13:49:11","2017.11.30","leave"
"Jimbaws","13:49:11","2017.11.30","leave"
"Aiyda","13:49:14","2017.11.30","leave"
"Gaff","13:49:14","2017.11.30","leave"
"Valknut","13:49:14","2017.11.30","leave"
"Siilf","13:49:17","2017.11.30","leave"
"Azkaranth","13:49:17","2017.11.30","leave"
"Mendacius","13:49:44","2017.11.30","leave"
"Chendi","13:49:44","2017.11.30","leave"
"Azkaranth","13:49:44","2017.11.30","leave"
"Sesek","13:49:48","2017.11.30","leave"
"Healsmeguy","13:49:48","2017.11.30","leave"
"Oldmansmegma","13:49:49","2017.11.30","leave"
"Gaff","13:49:54","2017.11.30","leave"
"Valknut","13:49:56","2017.11.30","leave"
"Ivyfang","13:49:56","2017.11.30","leave"
"Chuckpants","13:49:58","2017.11.30","leave"
"Gnozina","13:50:02","2017.11.30","leave"
"Sodanickel","13:50:04","2017.11.30","leave"
"Pyumanou","13:50:10","2017.11.30","leave"
"Casablancas","13:50:11","2017.11.30","leave"
"Remeraz","13:50:29","2017.11.30","leave"
"Hupiukko","13:52:41","2017.11.30","leave"
"Purplejunkie","13:52:41","2017.11.30","leave"
"Grundig","13:53:22","2017.11.30","leave"
"Falassion","13:53:45","2017.11.30","leave"
"Daemontools","13:59:03","2017.11.30","leave"
"Zendaril","11:28:02","2017.11.24","leave"
"Saintgermain","11:28:02","2017.11.24","leave"
"Zendaril","11:29:00","2017.11.24","leave"
"Saintgermain","11:29:02","2017.11.24","leave"
"Oldmansmegma","11:29:09","2017.11.24","leave"
"Falassion","09:15:33","2017.11.23","leave"
"Healsumaybe","09:17:31","2017.11.23","leave"
"Casablancas","09:41:54","2017.11.23","leave"
"Siilf","09:42:11","2017.11.23","leave"
"Remeraz","09:42:13","2017.11.23","leave"
"Rockafella","09:42:13","2017.11.23","leave"
"Casablancas","09:42:17","2017.11.23","leave"
"Healsumaybe","09:43:55","2017.11.23","leave"
"Falassion","09:47:48","2017.11.23","leave"
"Shootnkill","09:49:18","2017.11.23","leave"
"Aiyda","09:57:06","2017.11.23","leave"
"Gaff","09:57:13","2017.11.23","leave"
"Themayor","09:58:24","2017.11.23","leave"
"Jimbaws","09:59:16","2017.11.23","leave"
"Casablancas","09:59:57","2017.11.23","leave"
"Veramal","10:00:05","2017.11.23","leave"
"Sesek","10:01:04","2017.11.23","leave"
"Sesek","10:06:09","2017.11.23","leave"
"Sesek","10:07:11","2017.11.23","leave"
"Sodanickel","10:10:44","2017.11.23","leave"
"Rorrz","10:12:54","2017.11.23","leave"
"Pyumanou","10:13:02","2017.11.23","leave"
"Sesek","10:30:39","2017.11.23","leave"
"Zeale","10:30:40","2017.11.23","leave"
"Ivyfang","10:32:12","2017.11.23","leave"
"Frapinta","10:34:31","2017.11.23","leave"
"Rorrz","10:42:17","2017.11.23","leave"
"Daemontools","10:42:19","2017.11.23","leave"
"Purplejunkie","10:42:22","2017.11.23","leave"
"Hidenfock","10:42:23","2017.11.23","leave"
"Drowranger","12:32:09","2017.11.23","leave"
"Saintgermain","12:32:09","2017.11.23","leave"
"Hupiukko","12:32:09","2017.11.23","leave"
"Remeraz","12:32:19","2017.11.23","leave"
"Pyumanou","12:32:24","2017.11.23","leave"
"Aiyda","12:32:25","2017.11.23","leave"
"Gaff","12:32:35","2017.11.23","leave"
"Valknut","12:32:58","2017.11.23","leave"
"Yippi","12:33:01","2017.11.23","leave"
"Purplejunkie","12:33:03","2017.11.23","leave"
"Roylock","12:33:15","2017.11.23","leave"
"Purplejunkie","12:54:55","2017.11.23","leave"
"Roylock","12:54:56","2017.11.23","leave"
"Hupiukko","13:13:22","2017.11.23","leave"
"Gaff","13:13:46","2017.11.23","leave"
"Hidenfock","13:13:47","2017.11.23","leave"
"Healsmeguy","13:13:53","2017.11.23","leave"
"Killakam","13:13:53","2017.11.23","leave"
"Fearwardin","13:13:53","2017.11.23","leave"
"Hshz","13:13:57","2017.11.23","leave"
"Drowranger","13:13:57","2017.11.23","leave"
"Booh","13:14:05","2017.11.23","leave"
"Fleinders","13:14:17","2017.11.23","leave"
"Yippi","13:14:23","2017.11.23","leave"
"Siilf","13:14:27","2017.11.23","leave"
"Rorrz","13:14:31","2017.11.23","leave"
"Drowranger","13:14:31","2017.11.23","leave"
"Aiyda","13:15:05","2017.11.23","leave"
"Killakam","13:16:19","2017.11.23","leave"
"Ivyfang","10:14:26","2017.11.17","leave"
"Nzo","10:15:17","2017.11.17","leave"
"Sodanickel","10:16:36","2017.11.17","leave"
"Ensyo","10:17:27","2017.11.17","leave"
"Noiry","10:17:27","2017.11.17","leave"
"Aiyda","10:20:44","2017.11.17","leave"
"Nzo","10:47:34","2017.11.17","leave"
"Ensyo","10:48:54","2017.11.17","leave"
"Illsmakyaded","12:01:43","2017.11.17","leave"
"Yippi","12:06:14","2017.11.17","leave"
"Mendacius","12:06:14","2017.11.17","leave"
"Jimbaws","12:24:55","2017.11.17","leave"
"Stealthunt","12:35:14","2017.11.17","leave"
"Pumbah","12:35:14","2017.11.17","leave"
"Yippi","12:35:14","2017.11.17","leave"
"Ivyfang","12:35:14","2017.11.17","leave"
"Zendaril","12:35:14","2017.11.17","leave"
"Daemontools","12:37:48","2017.11.17","leave"
"Pyumanou","12:39:10","2017.11.17","leave"
"Daemontools","12:40:01","2017.11.17","leave"
"Nzo","12:41:40","2017.11.17","leave"
"Yippi","12:42:36","2017.11.17","leave"
"Daemontools","12:43:03","2017.11.17","leave"
"Pumbah","12:43:46","2017.11.17","leave"
"Yippi","12:48:47","2017.11.17","leave"
"Saintgermain","12:52:42","2017.11.17","leave"
"Nzo","12:54:07","2017.11.17","leave"
"Saintgermain","12:54:09","2017.11.17","leave"
"Jimbaws","12:54:11","2017.11.17","leave"
"Grundig","12:54:19","2017.11.17","leave"
"Falassion","13:28:18","2017.11.17","leave"
"Chuckpants","14:01:30","2017.11.17","leave"
"Zeale","10:26:11","2017.11.19","leave"
"Gnozina","10:26:22","2017.11.19","leave"
"Sesek","10:26:31","2017.11.19","leave"
"Sesek","10:27:20","2017.11.19","leave"
"Zendaril","10:27:21","2017.11.19","leave"
"Gnozina","10:27:23","2017.11.19","leave"
"Mendacius","10:35:23","2017.11.19","leave"
"Sesek","10:44:23","2017.11.19","leave"
"Sesek","10:55:24","2017.11.19","leave"
"Sesek","10:57:03","2017.11.19","leave"
"Themayor","12:23:34","2017.11.19","leave"
"Aidda","12:23:34","2017.11.19","leave"
"Illsmakyaded","09:40:13","2017.11.16","leave"
"Pyumanou","09:40:27","2017.11.16","leave"
"Oldmansmegma","09:40:28","2017.11.16","leave"
"Fearwardin","09:41:16","2017.11.16","leave"
"Shrin","09:41:23","2017.11.16","leave"
"Themayor","09:47:10","2017.11.16","leave"
"Drowranger","09:47:10","2017.11.16","leave"
"Pyumanou","09:47:51","2017.11.16","leave"
"Themayor","09:47:51","2017.11.16","leave"
"Stealthunt","09:47:51","2017.11.16","leave"
"Sodanickel","09:50:36","2017.11.16","leave"
"Themayor","09:54:11","2017.11.16","leave"
"Nite","09:55:05","2017.11.16","leave"
"Stealthunt","09:55:48","2017.11.16","leave"
"Remeraz","09:56:22","2017.11.16","leave"
"Sesek","09:57:55","2017.11.16","leave"
"Aiyda","10:01:45","2017.11.16","leave"
"Zendaril","10:02:50","2017.11.16","leave"
"Rockafella","10:03:12","2017.11.16","leave"
"Ivyfang","10:03:21","2017.11.16","leave"
"Fearwardin","10:03:40","2017.11.16","leave"
"Falassion","10:04:05","2017.11.16","leave"
"Oldmansmegma","10:04:12","2017.11.16","leave"
"Siilf","10:04:21","2017.11.16","leave"
"Magisly","10:04:24","2017.11.16","leave"
"Naraak","10:04:40","2017.11.16","leave"
"Sesek","10:06:43","2017.11.16","leave"
"Illsmakyaded","10:07:55","2017.11.16","leave"
"Drowranger","10:08:05","2017.11.16","leave"
"Nite","10:09:07","2017.11.16","leave"
"Sesek","10:09:07","2017.11.16","leave"
"Casablancas","10:09:13","2017.11.16","leave"
"Naraak","10:24:06","2017.11.16","leave"
"Pyumanou","10:25:53","2017.11.16","leave"
"Ivyfang","10:26:04","2017.11.16","leave"
"Naraak","10:31:20","2017.11.16","leave"
"Zendaril","10:37:54","2017.11.16","leave"
"Rockafella","10:38:24","2017.11.16","leave"
"Nzo","10:38:26","2017.11.16","leave"
"Constantlee","11:04:51","2017.11.16","leave"
"Casablancas","11:33:50","2017.11.16","leave"
"Zendaril","12:29:15","2017.11.16","leave"
"Noiry","12:29:19","2017.11.16","leave"
"Rockafella","12:29:35","2017.11.16","leave"
"Yippi","12:29:36","2017.11.16","leave"
"Mendacius","12:29:41","2017.11.16","leave"
"Sesek","12:29:43","2017.11.16","leave"
"Remeraz","12:29:44","2017.11.16","leave"
"Ivyfang","12:29:48","2017.11.16","leave"
"Valknut","12:29:53","2017.11.16","leave"
"Pyumanou","12:29:54","2017.11.16","leave"
"Fleinders","12:29:54","2017.11.16","leave"
"Nzo","12:30:09","2017.11.16","leave"
"Magisly","12:30:18","2017.11.16","leave"
"Rythym","12:30:39","2017.11.16","leave"
"Saintgermain","12:30:56","2017.11.16","leave"
"Grundig","12:31:01","2017.11.16","leave"
"Purplejunkie","12:31:04","2017.11.16","leave"
"Oldmansmegma","12:31:50","2017.11.16","leave"
"Nite","12:31:50","2017.11.16","leave"
"Hupiukko","12:32:32","2017.11.16","leave"
"Aiyda","12:32:46","2017.11.16","leave"
"Falassion","12:32:47","2017.11.16","leave"
"Sodanickel","12:32:48","2017.11.16","leave"
"Daemontools","12:32:48","2017.11.16","leave"
"Casablancas","12:32:50","2017.11.16","leave"
"Drowranger","12:54:47","2017.11.16","leave"
"Aiyda","12:57:14","2017.11.16","leave"
"Shrin","12:57:47","2017.11.16","leave"
"Sodanickel","12:58:00","2017.11.16","leave"
"Unknown","12:59:28","2017.11.16","leave"
"Veramal","09:49:18","2017.11.12","leave"
"Rockafella","09:49:32","2017.11.12","leave"
"Rockafella","09:53:09","2017.11.12","leave"
"Illsmakyaded","09:53:09","2017.11.12","leave"
"Ivyfang","09:53:10","2017.11.12","leave"
"Illsmakyaded","09:53:36","2017.11.12","leave"
"Sesek","09:54:36","2017.11.12","leave"
"Pyumanou","09:54:40","2017.11.12","leave"
"Yippi","09:55:25","2017.11.12","leave"
"Daemontools","09:58:53","2017.11.12","leave"
"Themayor","10:00:01","2017.11.12","leave"
"Rockafella","10:01:37","2017.11.12","leave"
"Stealthunt","10:01:37","2017.11.12","leave"
"Nite","10:01:49","2017.11.12","leave"
"Frapinta","10:02:21","2017.11.12","leave"
"Gnozina","10:02:37","2017.11.12","leave"
"Frapinta","10:02:59","2017.11.12","leave"
"Ivyfang","10:03:10","2017.11.12","leave"
"Rockafella","10:03:38","2017.11.12","leave"
"Pyumanou","10:03:59","2017.11.12","leave"
"Rockafella","10:04:35","2017.11.12","leave"
"Yippi","10:07:50","2017.11.12","leave"
"Stealthunt","10:08:26","2017.11.12","leave"
"Gaff","10:10:38","2017.11.12","leave"
"Saintgermain","10:10:53","2017.11.12","leave"
"Jimbaws","10:11:26","2017.11.12","leave"
"Illsmakyaded","10:12:47","2017.11.12","leave"
"Gnozina","10:18:00","2017.11.12","leave"
"Zendaril","10:19:21","2017.11.12","leave"
"Yippi","10:20:16","2017.11.12","leave"
"Frapinta","10:21:28","2017.11.12","leave"
"Pyumanou","10:23:04","2017.11.12","leave"
"Ensyo","10:23:47","2017.11.12","leave"
"Chuckpants","10:23:47","2017.11.12","leave"
"Gnozina","10:25:20","2017.11.12","leave"
"Nzo","10:25:22","2017.11.12","leave"
"Rockafella","10:26:49","2017.11.12","leave"
"Ivyfang","10:30:13","2017.11.12","leave"
"Falassion","11:04:39","2017.11.12","leave"
"Gafftard","11:36:33","2017.11.12","leave"
"Gafftard","11:36:35","2017.11.12","leave"
"Gafftard","11:58:38","2017.11.12","leave"
"Gaff","11:58:57","2017.11.12","leave"
"Gafftard","12:12:12","2017.11.12","leave"
"Sesek","12:12:12","2017.11.12","leave"
"Yippi","12:13:59","2017.11.12","leave"
"Aidda","12:16:09","2017.11.12","leave"
"Helitheus","12:21:34","2017.11.12","leave"
"Mendacius","12:22:14","2017.11.12","leave"
"Stealthunt","12:22:29","2017.11.12","leave"
"Wild","12:23:47","2017.11.12","leave"
"Noiry","12:40:16","2017.11.12","leave"
"Magisly","12:40:17","2017.11.12","leave"
"Remeraz","12:40:30","2017.11.12","leave"
"Ivyfang","12:40:40","2017.11.12","leave"
"Aiyda","12:40:43","2017.11.12","leave"
"Rockafella","12:40:50","2017.11.12","leave"
"Pyumanou","12:40:50","2017.11.12","leave"
"Amdog","12:41:12","2017.11.12","leave"
"Zendaril","12:41:24","2017.11.12","leave"
"Tungsteno","12:41:36","2017.11.12","leave"
"Nzo","12:41:38","2017.11.12","leave"
"Wild","12:41:47","2017.11.12","leave"
"Drowranger","12:41:48","2017.11.12","leave"
"Casablancas","12:42:11","2017.11.12","leave"
"Gnozina","12:42:56","2017.11.12","leave"
"Yippi","12:42:56","2017.11.12","leave"
"Fleinders","12:42:57","2017.11.12","leave"
"Chuckpants","12:43:05","2017.11.12","leave"
"Daemontools","12:43:10","2017.11.12","leave"
"Nite","12:43:10","2017.11.12","leave"
"Sodanickel","12:43:13","2017.11.12","leave"
"Sesek","12:43:15","2017.11.12","leave"
"Tungsteno","12:43:32","2017.11.12","leave"
"Siilf","12:43:35","2017.11.12","leave"
"Gaff","12:43:35","2017.11.12","leave"
"Saintgermain","12:43:41","2017.11.12","leave"
"Magisly","13:03:39","2017.11.12","leave"
"Gaff","13:05:41","2017.11.12","leave"
"Wild","13:05:45","2017.11.12","leave"
"Megrith","13:06:19","2017.11.12","leave"
"Sagittaria","13:06:57","2017.11.12","leave"
"Carisse","13:07:39","2017.11.12","leave"
"Mobius","13:10:15","2017.11.12","leave"
"Nite","13:10:15","2017.11.12","leave"
"Stealthunt","13:10:19","2017.11.12","leave"
"Nzo","13:10:19","2017.11.12","leave"
"Razli","13:10:19","2017.11.12","leave"
"Aiyda","13:10:52","2017.11.12","leave"
"Gnozina","13:11:33","2017.11.12","leave"
"Yahooer","13:13:41","2017.11.12","leave"
"Gaff","13:21:18","2017.11.12","leave"
"Magisly","13:21:20","2017.11.12","leave"
"Ivyfang","13:42:08","2017.11.12","leave"
"Amdog","13:42:08","2017.11.12","leave"
"Yippi","13:42:14","2017.11.12","leave"
"Themayor","13:42:14","2017.11.12","leave"
"Siilf","13:42:14","2017.11.12","leave"
"Jimbaws","13:42:25","2017.11.12","leave"
"Ivyfang","13:42:35","2017.11.12","leave"
"Noiry","13:42:41","2017.11.12","leave"
"Siilf","13:42:58","2017.11.12","leave"
"Illsmakyaded","13:43:04","2017.11.12","leave"
"Gnozina","13:43:11","2017.11.12","leave"
"Sodanickel","13:43:11","2017.11.12","leave"
"Fleinders","13:43:26","2017.11.12","leave"
"Rockafella","13:43:37","2017.11.12","leave"
"Aidda","13:43:37","2017.11.12","leave"
"Themayor","13:43:54","2017.11.12","leave"
"Drowranger","13:44:24","2017.11.12","leave"
"Zendaril","13:44:24","2017.11.12","leave"
"Sodanickel","13:44:33","2017.11.12","leave"
"Nite","13:44:34","2017.11.12","leave"
"Daemontools","09:50:49","2017.11.10","leave"
"Daemontools","09:53:48","2017.11.10","leave"
"Devoursoul","12:04:04","2017.10.24","leave"
"Jimbaws","12:04:40","2017.10.24","leave"
"Devoursoul","12:04:40","2017.10.24","leave"
"Alexzhu","12:54:03","2017.10.24","leave"
"Aidda","12:54:03","2017.10.24","leave"
"Devoursoul","12:54:03","2017.10.24","leave"
"Sesek","12:54:09","2017.10.24","leave"
"Oldmansmegma","12:54:09","2017.10.24","leave"
"Amdoll","12:54:12","2017.10.24","leave"
"Devoursoul","12:54:13","2017.10.24","leave"
"Jimbaws","12:54:16","2017.10.24","leave"
"Donkeyballs","11:51:57","2017.10.24","leave"
"Jimbaws","11:57:57","2017.10.24","leave"
"Oldmansmegma","11:58:25","2017.10.24","leave"
"Sesek","11:58:29","2017.10.24","leave"
"Daemontools","11:58:35","2017.10.24","leave"
"Aidda","11:58:36","2017.10.24","leave"
"Devoursoul","11:58:40","2017.10.24","leave"
"Powerfull","12:10:42","2017.10.23","leave"
"Donkeyballs","12:11:07","2017.10.23","leave"
"Donkeyballs","12:07:39","2017.10.23","leave"
"Falassion","11:25:43","2017.10.22","leave"
"Stealthunt","11:25:43","2017.10.22","leave"
"Rockafella","11:25:43","2017.10.22","leave"
"Sesek","11:25:43","2017.10.22","leave"
"Nite","11:25:43","2017.10.22","leave"
"Pyumanou","11:25:43","2017.10.22","leave"
"Shrin","11:25:43","2017.10.22","leave"
"Sodanickel","11:25:43","2017.10.22","leave"
"Casablancas","11:25:43","2017.10.22","leave"
"Amdog","11:25:43","2017.10.22","leave"
"Hupiukko","11:25:43","2017.10.22","leave"
"Zendaril","11:25:43","2017.10.22","leave"
"Drowranger","11:25:43","2017.10.22","leave"
"Ivyfang","11:25:43","2017.10.22","leave"
"Naraak","11:26:13","2017.10.22","leave"
"Drowranger","11:27:20","2017.10.22","leave"
"Ivyfang","11:27:30","2017.10.22","leave"
"Healsumaybe","11:27:59","2017.10.22","leave"
"Sesek","11:29:10","2017.10.22","leave"
"Nzo","11:41:04","2017.10.22","leave"
"Casablancas","13:22:45","2017.10.22","leave"
"Aidda","13:23:39","2017.10.22","leave"
"Remeraz","13:28:23","2017.10.22","leave"
"Mendacius","13:28:57","2017.10.22","leave"
"Tino","13:29:38","2017.10.22","leave"
"Glacialwrath","13:29:58","2017.10.22","leave"
"Remeraz","13:31:55","2017.10.22","leave"
"Harsh","13:34:13","2017.10.22","leave"
"Sodanickel","13:34:13","2017.10.22","leave"
"Saintgermain","13:55:16","2017.10.22","leave"
"Illsmakyaded","13:56:35","2017.10.22","leave"
"Rorrz","14:00:15","2017.10.22","leave"
"Shrin","14:00:38","2017.10.22","leave"
"Chuckpants","14:00:38","2017.10.22","leave"
"Gnozina","14:00:53","2017.10.22","leave"
"Stealthunt","14:00:55","2017.10.22","leave"
"Hupiukko","14:00:56","2017.10.22","leave"
"Verus","14:00:56","2017.10.22","leave"
"Fleinders","14:00:58","2017.10.22","leave"
"Evonar","14:01:33","2017.10.22","leave"
"Amdog","14:01:38","2017.10.22","leave"
"Valknut","14:01:43","2017.10.22","leave"
"Illsmakyaded","14:01:43","2017.10.22","leave"
"Zendaril","14:01:47","2017.10.22","leave"
"Illsmakyaded","14:01:58","2017.10.22","leave"
"Siilf","14:01:59","2017.10.22","leave"
"Chuckpants","14:02:19","2017.10.22","leave"
"Daemontools","14:02:19","2017.10.22","leave"
"Rythym","14:02:28","2017.10.22","leave"
"Sesek","14:02:32","2017.10.22","leave"
"Unknown","14:05:35","2017.10.22","leave"
"Unknown","14:05:35","2017.10.22","leave"
"Unknown","14:05:35","2017.10.22","leave"
"Unknown","14:05:35","2017.10.22","leave"
"Unknown","14:05:35","2017.10.22","leave"
"Sodanickel","15:48:59","2017.10.16","leave"
"Shrin","11:07:43","2017.10.15","leave"
"Soupped","11:07:43","2017.10.15","leave"
"Sodanickel","11:07:43","2017.10.15","leave"
"Lysiah","11:07:43","2017.10.15","leave"
"Soopra","11:07:43","2017.10.15","leave"
"Shootnkill","11:07:43","2017.10.15","leave"
"Daemontools","11:07:43","2017.10.15","leave"
"Ivyfang","11:07:43","2017.10.15","leave"
"Gafftard","11:07:43","2017.10.15","leave"
"Nzo","11:07:43","2017.10.15","leave"
"Raitr","11:07:47","2017.10.15","leave"
"Rythym","11:08:54","2017.10.15","leave"
"Pyumanou","11:09:29","2017.10.15","leave"
"Ivyfang","11:09:49","2017.10.15","leave"
"Sesek","11:10:06","2017.10.15","leave"
"Siilf","11:11:27","2017.10.15","leave"
"Valknut","11:14:55","2017.10.15","leave"
"Hupiukko","11:15:38","2017.10.15","leave"
"Remeraz","11:16:23","2017.10.15","leave"
"Lysiah","11:16:28","2017.10.15","leave"
"Nite","11:16:51","2017.10.15","leave"
"Remeraz","11:16:58","2017.10.15","leave"
"Stealthunt","11:17:07","2017.10.15","leave"
"Pyumanou","11:17:22","2017.10.15","leave"
"Amdog","11:17:22","2017.10.15","leave"
"Hupiukko","11:19:23","2017.10.15","leave"
"Jimbaws","11:20:07","2017.10.15","leave"
"Drowranger","11:20:22","2017.10.15","leave"
"Drowranger","11:21:00","2017.10.15","leave"
"Sesek","11:21:14","2017.10.15","leave"
"Mendacius","11:22:00","2017.10.15","leave"
"Gafftard","11:23:53","2017.10.15","leave"
"Stealthunt","11:24:56","2017.10.15","leave"
"Ivyfang","11:26:26","2017.10.15","leave"
"Hupiukko","11:27:54","2017.10.15","leave"
"Ilyenatherin","11:29:40","2017.10.15","leave"
"Jimbaws","11:30:06","2017.10.15","leave"
"Ivyfang","11:31:57","2017.10.15","leave"
"Lysiah","11:32:04","2017.10.15","leave"
"Soopra","11:33:45","2017.10.15","leave"
"Shootnkill","11:34:11","2017.10.15","leave"
"Soupped","11:34:23","2017.10.15","leave"
"Ivyfang","11:35:13","2017.10.15","leave"
"Nzo","11:35:33","2017.10.15","leave"
"Ilyenatherin","11:51:33","2017.10.15","leave"
"Siilf","12:42:22","2017.10.15","leave"
"Siilf","12:42:49","2017.10.15","leave"
"Amdog","12:43:04","2017.10.15","leave"
"Lonis","13:23:01","2017.10.15","leave"
"Shrin","13:23:08","2017.10.15","leave"
"Mendacius","13:23:15","2017.10.15","leave"
"Levernucky","13:23:19","2017.10.15","leave"
"Gaff","13:23:47","2017.10.15","leave"
"Sesek","13:23:55","2017.10.15","leave"
"Healsumaybe","13:23:55","2017.10.15","leave"
"Glacialwrath","13:24:21","2017.10.15","leave"
"Gnozina","13:24:43","2017.10.15","leave"
"Lysiah","13:24:48","2017.10.15","leave"
"Jimbaws","13:24:53","2017.10.15","leave"
"Rorrz","13:24:56","2017.10.15","leave"
"Amdog","13:24:57","2017.10.15","leave"
"Valknut","13:24:58","2017.10.15","leave"
"Soupped","13:25:05","2017.10.15","leave"
"Felmin","13:25:09","2017.10.15","leave"
"Remeraz","13:25:14","2017.10.15","leave"
"Pyumanou","13:25:17","2017.10.15","leave"
"Rockafella","13:25:54","2017.10.15","leave"
"Shootnkill","13:26:03","2017.10.15","leave"
"Daemontools","13:26:03","2017.10.15","leave"
"Toyotasupra","13:26:03","2017.10.15","leave"
"Chuckpants","13:26:03","2017.10.15","leave"
"Stealthunt","13:26:05","2017.10.15","leave"
"Hupiukko","13:26:35","2017.10.15","leave"
"Rythym","13:26:43","2017.10.15","leave"
"Shootnkill","13:26:53","2017.10.15","leave"
"Sodanickel","13:26:57","2017.10.15","leave"
"Shootnkill","04:02:19","2017.10.15","leave"
"Tegan","04:07:19","2017.10.15","leave"
"Revert","04:07:51","2017.10.15","leave"
"Unlikely","04:07:56","2017.10.15","leave"
"Reggiemiller","04:08:18","2017.10.15","leave"
"Klonal","04:08:23","2017.10.15","leave"
"Gnomesicle","04:09:16","2017.10.15","leave"
"Glacialwrath","04:09:23","2017.10.15","leave"
"Daemontools","04:09:35","2017.10.15","leave"
"Soupra","04:09:59","2017.10.15","leave"
"Gaff","04:10:44","2017.10.15","leave"
"Glinda","04:10:53","2017.10.15","leave"
"Melorelena","04:11:04","2017.10.15","leave"
"Soupped","04:11:24","2017.10.15","leave"
"Strade","04:11:27","2017.10.15","leave"
"Verus","04:11:27","2017.10.15","leave"
"Soopra","04:11:28","2017.10.15","leave"
"Falassion","03:42:33","2017.10.15","leave"
"Raitr","03:47:05","2017.10.15","leave"
"Raitr","03:48:41","2017.10.15","leave"
"Stealthunt","06:08:18","2017.10.14","leave"
"Aelandris","06:08:24","2017.10.14","leave"
"Rythym","13:34:37","2017.10.12","leave"
"Ivyfang","13:34:50","2017.10.12","leave"
"Gaff","13:35:01","2017.10.12","leave"
"Jimbaws","13:35:11","2017.10.12","leave"
"Nzo","13:35:15","2017.10.12","leave"
"Oldmansmegma","13:35:18","2017.10.12","leave"
"Valknut","13:35:27","2017.10.12","leave"
"Purplejunkie","13:35:58","2017.10.12","leave"
"Soupped","13:36:00","2017.10.12","leave"
"Yippi","13:36:23","2017.10.12","leave"
"Gnozina","13:36:45","2017.10.12","leave"
"Saintgermain","13:36:48","2017.10.12","leave"
"Hupiukko","13:36:48","2017.10.12","leave"
"Ehto","13:36:49","2017.10.12","leave"
"Casablancas","13:36:59","2017.10.12","leave"
"Amdog","13:37:23","2017.10.12","leave"
"Noiry","13:37:24","2017.10.12","leave"
"Rorrz","13:37:26","2017.10.12","leave"
"Vigeto","13:37:38","2017.10.12","leave"
"Aiyda","13:37:38","2017.10.12","leave"
"Sodanickel","13:37:39","2017.10.12","leave"
"Sesek","13:37:39","2017.10.12","leave"
"Rockafella","13:37:39","2017.10.12","leave"
"Nite","13:37:39","2017.10.12","leave"
"Lonis","13:37:40","2017.10.12","leave"
"Chuckpants","13:37:40","2017.10.12","leave"
"Zapapa","16:08:02","2017.10.12","leave"
"Melorelena","16:08:08","2017.10.12","leave"
"Powerfull","16:08:18","2017.10.12","leave"
"Jimbaws","16:08:18","2017.10.12","leave"
"Gnozina","16:08:23","2017.10.12","leave"
"Siilf","16:08:26","2017.10.12","leave"
"Casablancas","16:10:28","2017.10.12","leave"
"Sesek","16:10:32","2017.10.12","leave"
"Shuyu","16:13:25","2017.10.12","leave"
"Rythym","16:26:04","2017.10.12","leave"
"Sodanickel","12:15:15","2017.10.12","leave"
"Pyumanou","12:15:17","2017.10.12","leave"
"Jimbaws","12:15:44","2017.10.12","leave"
"Ehto","12:16:43","2017.10.12","leave"
"Ivyfang","12:16:54","2017.10.12","leave"
"Shrin","12:17:14","2017.10.12","leave"
"Daemontools","12:17:20","2017.10.12","leave"
"Rythym","12:17:20","2017.10.12","leave"
"Gaff","12:17:20","2017.10.12","leave"
"Nite","12:17:48","2017.10.12","leave"
"Aseketa","07:33:22","2017.10.11","leave"
"Aseketa","07:35:24","2017.10.11","leave"
"Dankbusta","03:59:30","2017.10.10","leave"
"Maliza","03:46:04","2017.10.10","leave"
"Raitr","12:57:08","2017.10.08","leave"
"Shrin","12:57:08","2017.10.08","leave"
"Lonis","12:57:26","2017.10.08","leave"
"Remeraz","12:58:34","2017.10.08","leave"
"Aiyda","13:01:24","2017.10.08","leave"
"Mendacius","13:04:14","2017.10.08","leave"
"Toyotasupra","13:04:30","2017.10.08","leave"
"Abbot","13:04:54","2017.10.08","leave"
"Cylenious","13:10:06","2017.10.08","leave"
"Abbot","13:10:23","2017.10.08","leave"
"Rorrz","14:26:14","2017.10.08","leave"
"Panzerus","14:28:08","2017.10.08","leave"
"Amdog","14:28:08","2017.10.08","leave"
"Stealthunt","14:28:12","2017.10.08","leave"
"Sketch","14:28:12","2017.10.08","leave"
"Felmin","14:28:19","2017.10.08","leave"
"Drowranger","14:28:19","2017.10.08","leave"
"Sketch","14:28:20","2017.10.08","leave"
"Shrin","14:28:55","2017.10.08","leave"
"Rockafella","14:30:07","2017.10.08","leave"
"Fleinders","14:30:10","2017.10.08","leave"
"Gnozina","14:30:42","2017.10.08","leave"
"Soupped","14:32:30","2017.10.08","leave"
"Nzo","14:33:40","2017.10.08","leave"
"Sketch","14:34:23","2017.10.08","leave"
"Shrin","14:34:24","2017.10.08","leave"
"Walkerboh","14:34:26","2017.10.08","leave"
"Stealthunt","14:34:27","2017.10.08","leave"
"Stasis","14:34:33","2017.10.08","leave"
"Yippi","14:34:35","2017.10.08","leave"
"Stasis","14:34:42","2017.10.08","leave"
"Pyumanou","14:34:42","2017.10.08","leave"
"Valknut","14:34:42","2017.10.08","leave"
"Aiyda","14:34:52","2017.10.08","leave"
"Raitr","10:31:29","2017.10.08","leave"
"Lysiah","10:31:41","2017.10.08","leave"
"Noiry","10:31:41","2017.10.08","leave"
"Gnozina","10:36:51","2017.10.08","leave"
"Pyumanou","10:37:00","2017.10.08","leave"
"Lysiah","10:39:16","2017.10.08","leave"
"Remeraz","10:40:47","2017.10.08","leave"
"Amdog","10:43:54","2017.10.08","leave"
"Pyumanou","10:51:14","2017.10.08","leave"
"Zorin","10:51:17","2017.10.08","leave"
"Hupiukko","10:52:31","2017.10.08","leave"
"Yippi","10:52:45","2017.10.08","leave"
"Yippi","10:58:34","2017.10.08","leave"
"Rockafella","10:58:37","2017.10.08","leave"
"Gnozina","11:03:59","2017.10.08","leave"
"Ivyfang","11:04:24","2017.10.08","leave"
"Shrin","11:04:51","2017.10.08","leave"
"Yippi","11:07:45","2017.10.08","leave"
"Gaff","11:08:45","2017.10.08","leave"
"Rockafella","11:08:49","2017.10.08","leave"
"Chuckpants","11:13:23","2017.10.08","leave"
"Soopra","11:15:47","2017.10.08","leave"
"Ivyfang","10:43:08","2017.10.05","leave"
"Gafftard","10:43:38","2017.10.05","leave"
"Mortisia","10:44:17","2017.10.05","leave"
"Healsumaybe","10:47:09","2017.10.05","leave"
"Gafftard","10:47:14","2017.10.05","leave"
"Sparklecake","10:47:14","2017.10.05","leave"
"Daemontools","10:50:39","2017.10.05","leave"
"Ivyfang","10:52:20","2017.10.05","leave"
"Lysiah","10:56:13","2017.10.05","leave"
"Oldmansmegma","10:56:35","2017.10.05","leave"
"Amdog","10:56:43","2017.10.05","leave"
"Pyumanou","10:56:58","2017.10.05","leave"
"Rockafella","10:57:40","2017.10.05","leave"
"Shrin","10:59:53","2017.10.05","leave"
"Hupiukko","10:59:53","2017.10.05","leave"
"Gaff","11:00:24","2017.10.05","leave"
"Remeraz","11:02:03","2017.10.05","leave"
"Sodanickel","11:04:58","2017.10.05","leave"
"Lonis","11:06:41","2017.10.05","leave"
"Mortisia","11:06:59","2017.10.05","leave"
"Mortisia","11:07:35","2017.10.05","leave"
"Soopra","11:07:41","2017.10.05","leave"
"Ivyfang","11:07:45","2017.10.05","leave"
"Hupiukko","11:08:12","2017.10.05","leave"
"Nite","11:09:36","2017.10.05","leave"
"Hupiukko","11:11:14","2017.10.05","leave"
"Lonis","11:14:18","2017.10.05","leave"
"Rorrz","11:15:02","2017.10.05","leave"
"Sparklecake","11:15:20","2017.10.05","leave"
"Oldmansmegma","11:15:47","2017.10.05","leave"
"Hupiukko","11:16:01","2017.10.05","leave"
"Gaff","11:19:46","2017.10.05","leave"
"Yippi","11:19:55","2017.10.05","leave"
"Sodanickel","11:20:33","2017.10.05","leave"
"Lonis","11:20:54","2017.10.05","leave"
"Yippi","11:21:48","2017.10.05","leave"
"Pyumanou","11:21:53","2017.10.05","leave"
"Falassion","11:21:56","2017.10.05","leave"
"Aiyda","11:23:41","2017.10.05","leave"
"Drowranger","11:23:55","2017.10.05","leave"
"Ivyfang","11:24:16","2017.10.05","leave"
"Stealthunt","11:26:00","2017.10.05","leave"
"Saintgermain","11:26:52","2017.10.05","leave"
"Remeraz","11:27:09","2017.10.05","leave"
"Gnozina","11:27:24","2017.10.05","leave"
"Rythym","11:30:52","2017.10.05","leave"
"Grundig","11:31:06","2017.10.05","leave"
"Lonis","11:34:01","2017.10.05","leave"
"Sodanickel","11:36:00","2017.10.05","leave"
"Rythym","11:36:00","2017.10.05","leave"
"Harsh","11:40:50","2017.10.05","leave"
"Harsh","11:41:24","2017.10.05","leave"
"Oldmansmegma","13:38:15","2017.10.05","leave"
"Fleinders","13:38:22","2017.10.05","leave"
"Saintgermain","13:38:26","2017.10.05","leave"
"Casablancas","13:38:27","2017.10.05","leave"
"Soupped","13:38:27","2017.10.05","leave"
"Nite","13:38:29","2017.10.05","leave"
"Nzo","13:38:38","2017.10.05","leave"
"Lonis","13:38:45","2017.10.05","leave"
"Hupiukko","13:38:49","2017.10.05","leave"
"Rorrz","13:38:54","2017.10.05","leave"
"Valknut","13:39:08","2017.10.05","leave"
"Amdog","13:39:09","2017.10.05","leave"
"Siilf","13:39:09","2017.10.05","leave"
"Rythym","13:39:17","2017.10.05","leave"
"Grundig","13:39:27","2017.10.05","leave"
"Ivyfang","13:39:27","2017.10.05","leave"
"Walkerboh","13:39:30","2017.10.05","leave"
"Pyumanou","13:39:35","2017.10.05","leave"
"Mendacius","13:39:35","2017.10.05","leave"
"Sadavelas","13:39:58","2017.10.05","leave"
"Aiyda","13:40:02","2017.10.05","leave"
"Gaff","13:40:02","2017.10.05","leave"
"Sta","13:40:18","2017.10.05","leave"
"Gnozina","13:40:18","2017.10.05","leave"
"Stealthunt","13:40:59","2017.10.05","leave"
"Yippi","13:41:09","2017.10.05","leave"
"Purplejunkie","13:41:33","2017.10.05","leave"
"Noiry","13:41:45","2017.10.05","leave"
"Rockafella","13:42:10","2017.10.05","leave"
"Lysiah","13:42:21","2017.10.05","leave"
"Sadavelas","13:44:47","2017.10.05","leave"
"Sodanickel","14:12:30","2017.10.05","leave"
"Fleinders","14:12:30","2017.10.05","leave"
"Fleinders","14:16:12","2017.10.05","leave"
"Sodanickel","14:37:36","2017.10.05","leave"
"Amdog","14:38:50","2017.10.05","leave"
"Gaff","14:40:16","2017.10.05","leave"
"Rorrz","14:41:36","2017.10.05","leave"
"Lonis","14:52:25","2017.10.05","leave"
"Rorrz","14:52:42","2017.10.05","leave"
"Purplejunkie","14:53:18","2017.10.05","leave"
"Zendaril","14:53:45","2017.10.05","leave"
"Lysiah","14:53:52","2017.10.05","leave"
"Soupped","14:54:01","2017.10.05","leave"
"Mendacius","14:54:07","2017.10.05","leave"
"Gaff","14:54:20","2017.10.05","leave"
"Oldmansmegma","14:54:23","2017.10.05","leave"
"Sodanickel","14:54:29","2017.10.05","leave"
"Vigeto","14:54:29","2017.10.05","leave"
"Sodanickel","14:54:43","2017.10.05","leave"
"Stealthunt","14:54:45","2017.10.05","leave"
"Walkerboh","14:55:28","2017.10.05","leave"
"Hehra","14:55:28","2017.10.05","leave"
"Hupiukko","14:55:30","2017.10.05","leave"
"Saintgermain","14:55:30","2017.10.05","leave"
"Valknut","14:55:48","2017.10.05","leave"
"Noiry","14:55:48","2017.10.05","leave"
"Yippi","14:56:00","2017.10.05","leave"
"Gnozina","14:56:02","2017.10.05","leave"
"Grundig","14:56:02","2017.10.05","leave"
"Ivyfang","14:56:08","2017.10.05","leave"
"Aiyda","14:56:22","2017.10.05","leave"
"Drowranger","14:56:25","2017.10.05","leave"
"Rockafella","14:56:32","2017.10.05","leave"
"Rythym","14:56:41","2017.10.05","leave"
"Noiry","14:56:43","2017.10.05","leave"
"Nite","14:56:47","2017.10.05","leave"
"Sparklecake","14:57:04","2017.10.05","leave"
"Saintgermain","14:57:11","2017.10.05","leave"
"Nzo","14:57:12","2017.10.05","leave"
"Hehra","14:57:28","2017.10.05","leave"
"Grundig","14:57:28","2017.10.05","leave"
"Siilf","14:57:36","2017.10.05","leave"
"Stealthunt","09:56:56","2017.10.04","leave"
"Falassion","09:57:02","2017.10.04","leave"
"Evonar","09:57:12","2017.10.04","leave"
"Stealthunt","10:05:53","2017.10.04","leave"
"Ivyfang","10:05:53","2017.10.04","leave"
"Evonar","10:06:18","2017.10.04","leave"
"Falassion","10:06:32","2017.10.04","leave"
"Ivyfang","10:06:40","2017.10.04","leave"
"Falassion","10:08:49","2017.10.04","leave"
"Ivyfang","10:16:19","2017.10.04","leave"
"Stealthunt","10:16:49","2017.10.04","leave"
"Evonar","10:29:20","2017.10.04","leave"
"Ivyfang","10:29:49","2017.10.04","leave"
"Raitr","12:00:52","2017.10.02","leave"
"Gafftroll","11:00:09","2017.10.02","leave"
"Walkerboh","11:18:49","2017.10.02","leave"
"Remeraz","11:18:54","2017.10.02","leave"
"Anorra","05:56:05","2017.10.02","leave"
"Daemontools","11:24:43","2017.10.01","leave"
"Lysiah","11:24:43","2017.10.01","leave"
"Remeraz","11:24:43","2017.10.01","leave"
"Sesek","11:24:43","2017.10.01","leave"
"Pyumanou","11:24:43","2017.10.01","leave"
"Ivyfang","11:24:43","2017.10.01","leave"
"Saintgermain","11:24:43","2017.10.01","leave"
"Hupiukko","11:24:43","2017.10.01","leave"
"Naraak","11:24:49","2017.10.01","leave"
"Unknown","11:25:46","2017.10.01","leave"
"Unknown","11:25:46","2017.10.01","leave"
"Unknown","11:25:46","2017.10.01","leave"
"Unknown","11:25:46","2017.10.01","leave"
"Gaff","11:26:17","2017.10.01","leave"
"Rockafella","11:27:10","2017.10.01","leave"
"Yippi","11:27:11","2017.10.01","leave"
"Ivyfang","11:31:06","2017.10.01","leave"
"Drowranger","11:33:04","2017.10.01","leave"
"Lezy","11:33:04","2017.10.01","leave"
"Shrin","11:40:54","2017.10.01","leave"
"Gaillie","12:24:12","2017.10.01","leave"
"Badvoid","12:26:48","2017.10.01","leave"
"Sadavelas","12:35:39","2017.10.01","leave"
"Sadavelas","12:35:43","2017.10.01","leave"
"Sodanickel","12:45:35","2017.10.01","leave"
"Themayor","13:03:00","2017.10.01","leave"
"Sesek","13:03:00","2017.10.01","leave"
"Nicc","13:05:09","2017.10.01","leave"
"Verus","13:05:22","2017.10.01","leave"
"Verus","13:06:54","2017.10.01","leave"
"Souped","13:07:28","2017.10.01","leave"
"Nzo","13:07:41","2017.10.01","leave"
"Nzo","13:07:52","2017.10.01","leave"
"Nickduggets","13:09:16","2017.10.01","leave"
"Walkerboh","13:33:24","2017.10.01","leave"
"Valknut","13:34:56","2017.10.01","leave"
"Lonis","13:34:56","2017.10.01","leave"
"Gaff","13:35:04","2017.10.01","leave"
"Mendacius","13:35:04","2017.10.01","leave"
"Chuckpants","13:35:10","2017.10.01","leave"
"Lezy","13:35:12","2017.10.01","leave"
"Sesek","13:35:13","2017.10.01","leave"
"Yippi","13:35:14","2017.10.01","leave"
"Mendacius","13:35:18","2017.10.01","leave"
"Casablancas","13:35:19","2017.10.01","leave"
"Ivyfang","13:35:48","2017.10.01","leave"
"Hupiukko","13:35:48","2017.10.01","leave"
"Fleinders","13:35:49","2017.10.01","leave"
"Drowranger","13:35:54","2017.10.01","leave"
"Pyumanou","13:35:55","2017.10.01","leave"
"Rockafella","13:35:59","2017.10.01","leave"
"Jimbaws","13:36:00","2017.10.01","leave"
"Nickduggets","11:04:05","2017.10.01","leave"
"Yippi","11:04:05","2017.10.01","leave"
"Daemontools","11:04:05","2017.10.01","leave"
"Ivyfang","11:04:05","2017.10.01","leave"
"Remeraz","11:04:20","2017.10.01","leave"
"Drowranger","11:04:20","2017.10.01","leave"
"Raitr","11:04:28","2017.10.01","leave"
"Shrin","11:05:27","2017.10.01","leave"
"Raitr","15:41:08","2017.09.27","leave"
"Healsumaybe","15:44:00","2017.09.27","leave"
"Raitr","15:44:54","2017.09.27","leave"
"Labby","15:45:25","2017.09.27","leave"
"Pumbah","15:54:07","2017.09.27","leave"
"Ivyfang","15:54:22","2017.09.27","leave"
"Healsmeguy","12:28:32","2017.09.28","leave"
"Raitr","09:21:16","2017.09.29","leave"
"Rockafella","13:28:55","2017.09.27","leave"
"Nzo","12:45:19","2017.09.27","leave"
"Sodanickel","14:06:26","2017.09.26","leave"
"Jimbaws","14:59:50","2017.09.26","leave"
"Chuckpants","15:00:04","2017.09.26","leave"
"Themayor","15:00:07","2017.09.26","leave"
"Dantae","15:00:12","2017.09.26","leave"
"Evonar","15:01:09","2017.09.26","leave"
"Siilf","15:01:21","2017.09.26","leave"
"Raitr","15:31:23","2017.09.22","leave"
"Amdog","14:59:33","2017.09.23","leave"
"Mithrillus","14:59:45","2017.09.23","leave"
"Hadush","15:00:39","2017.09.23","leave"
"Qatara","15:00:50","2017.09.23","leave"
"Amdog","15:21:01","2017.09.23","leave"
"Hadush","15:21:52","2017.09.23","leave"
"Mithrillus","15:22:03","2017.09.23","leave"
"Mithrillus","15:22:16","2017.09.23","leave"
"Qatara","15:22:26","2017.09.23","leave"
"Amdog","15:50:39","2017.09.23","leave"
"Qatara","15:50:39","2017.09.23","leave"
"Gafftroll","15:50:43","2017.09.23","leave"
"Raitr","13:59:02","2017.09.26","leave"
"Rythym","13:59:46","2017.09.26","leave"
"Siilf","13:59:58","2017.09.26","leave"
"Daemontools","14:00:21","2017.09.26","leave"
"Rythym","14:00:31","2017.09.26","leave"
"Sodanickel","10:18:40","2017.09.21","leave"
"Nite","10:19:23","2017.09.21","leave"
"Ivyfang","10:24:07","2017.09.21","leave"
"Oldmansmegma","10:27:05","2017.09.21","leave"
"Gnozina","10:33:00","2017.09.21","leave"
"Pyumanou","10:33:24","2017.09.21","leave"
"Hupiukko","11:22:34","2017.09.21","leave"
"Zeale","11:22:37","2017.09.21","leave"
"Emaa","11:32:29","2017.09.21","leave"
"Nite","11:38:25","2017.09.21","leave"
"Sodanickel","11:48:19","2017.09.21","leave"
"Oldmansmegma","12:04:35","2017.09.21","leave"
"Sodanickel","12:04:35","2017.09.21","leave"
"Themayor","12:04:36","2017.09.21","leave"
"Fleinders","12:04:36","2017.09.21","leave"
"Felmin","12:04:37","2017.09.21","leave"
"Casablancas","12:04:38","2017.09.21","leave"
"Grundig","12:04:42","2017.09.21","leave"
"Lysiah","12:04:45","2017.09.21","leave"
"Soupped","12:04:45","2017.09.21","leave"
"Gnozina","12:04:50","2017.09.21","leave"
"Emaa","12:04:53","2017.09.21","leave"
"Daemontools","12:04:56","2017.09.21","leave"
"Demonfox","12:05:25","2017.09.21","leave"
"Healsmeguy","12:05:44","2017.09.21","leave"
"Amdog","12:05:57","2017.09.21","leave"
"Nite","12:06:26","2017.09.21","leave"
"Healsmeguy","12:06:26","2017.09.21","leave"
"Saintgermain","12:06:26","2017.09.21","leave"
"Remeraz","12:06:29","2017.09.21","leave"
"Falassion","12:06:31","2017.09.21","leave"
"Hupiukko","12:06:35","2017.09.21","leave"
"Emaa","12:06:39","2017.09.21","leave"
"Oldmansmegma","12:06:41","2017.09.21","leave"
"Chuckpants","12:06:41","2017.09.21","leave"
"Shrin","12:06:44","2017.09.21","leave"
"Ivyfang","12:06:47","2017.09.21","leave"
"Stealthunt","12:06:50","2017.09.21","leave"
"Sodanickel","12:06:51","2017.09.21","leave"
"Lysiah","12:07:13","2017.09.21","leave"
"Demonfox","12:07:21","2017.09.21","leave"
"Demonfox","12:43:04","2017.09.21","leave"
"Gaff","13:01:56","2017.09.21","leave"
"Sodanickel","13:02:25","2017.09.21","leave"
"Beyondnz","13:47:26","2017.09.21","leave"
"Gaff","13:47:32","2017.09.21","leave"
"Jimbaws","13:47:58","2017.09.21","leave"
"Hupiukko","13:48:09","2017.09.21","leave"
"Emaa","13:48:27","2017.09.21","leave"
"Walkerboh","13:48:41","2017.09.21","leave"
"Soupped","13:48:42","2017.09.21","leave"
"Rockafella","13:48:42","2017.09.21","leave"
"Ivyfang","13:48:43","2017.09.21","leave"
"Oldmansmegma","13:48:43","2017.09.21","leave"
"Casablancas","13:48:43","2017.09.21","leave"
"Remeraz","13:48:45","2017.09.21","leave"
"Saintgermain","13:48:48","2017.09.21","leave"
"Nzo","13:48:49","2017.09.21","leave"
"Grundig","13:48:50","2017.09.21","leave"
"Hehra","13:48:54","2017.09.21","leave"
"Felmin","13:48:56","2017.09.21","leave"
"Pyumanou","13:49:12","2017.09.21","leave"
"Gnozina","13:49:37","2017.09.21","leave"
"Themayor","13:49:39","2017.09.21","leave"
"Amdog","13:49:42","2017.09.21","leave"
"Nite","13:49:43","2017.09.21","leave"
"Lysiah","13:50:03","2017.09.21","leave"
"Sodanickel","13:50:03","2017.09.21","leave"
"Sesek","13:50:03","2017.09.21","leave"
"Daemontools","13:50:04","2017.09.21","leave"
"Falassion","13:50:04","2017.09.21","leave"
"Purplejunkie","13:52:55","2017.09.21","leave"
"Amdog","14:22:21","2017.09.21","leave"
"Gaff","14:25:38","2017.09.21","leave"
"Beyondnz","14:25:38","2017.09.21","leave"
"Healsmeguy","14:27:18","2017.09.21","leave"
"Sesek","14:28:42","2017.09.21","leave"
"Soupped","14:28:44","2017.09.21","leave"
"Chuckpants","14:28:46","2017.09.21","leave"
"Oldmansmegma","14:28:46","2017.09.21","leave"
"Lezy","14:28:47","2017.09.21","leave"
"Lysiah","14:28:49","2017.09.21","leave"
"Casablancas","14:28:49","2017.09.21","leave"
"Themayor","14:28:57","2017.09.21","leave"
"Fleinders","14:28:59","2017.09.21","leave"
"Gnozina","14:29:02","2017.09.21","leave"
"Rockafella","14:29:02","2017.09.21","leave"
"Emaa","14:29:02","2017.09.21","leave"
"Rockafella","14:29:08","2017.09.21","leave"
"Felmin","14:29:15","2017.09.21","leave"
"Stealthunt","14:29:21","2017.09.21","leave"
"Emaa","14:29:45","2017.09.21","leave"
"Walkerboh","14:29:45","2017.09.21","leave"
"Grundig","14:30:58","2017.09.21","leave"
"Saintgermain","14:31:02","2017.09.21","leave"
"Shrin","14:31:06","2017.09.21","leave"
"Daemontools","14:31:54","2017.09.21","leave"
"Valknut","14:32:13","2017.09.21","leave"
"Siilf","14:35:53","2017.09.21","leave"
"Pyumanou","14:35:53","2017.09.21","leave"
"Remeraz","14:36:28","2017.09.21","leave"
"Hehra","14:36:55","2017.09.21","leave"
"Pyumanou","14:37:30","2017.09.21","leave"
"Nzo","14:37:30","2017.09.21","leave"
"Drowranger","14:38:38","2017.09.21","leave"
"Rythym","14:40:08","2017.09.21","leave"
"Nicc","14:12:54","2017.09.19","leave"
"Kawaiithug","14:33:01","2017.09.19","leave"
"Kawaiithug","14:37:22","2017.09.19","leave"
"Rorrz","14:42:27","2017.09.19","leave"
"Gafftroll","14:54:20","2017.09.19","leave"
"Emaa","15:29:38","2017.09.19","leave"
"Stealthunt","15:29:43","2017.09.19","leave"
"Lysiah","15:29:43","2017.09.19","leave"
"Blei","15:30:00","2017.09.19","leave"
"Daemontools","15:30:00","2017.09.19","leave"
"Hearthadin","15:30:00","2017.09.19","leave"
"Azefinya","15:30:06","2017.09.19","leave"
"Soupra","15:30:06","2017.09.19","leave"
"Gnozina","15:30:09","2017.09.19","leave"
"Gafftroll","15:30:15","2017.09.19","leave"
"Lysiah","15:30:28","2017.09.19","leave"
"Soupra","15:30:30","2017.09.19","leave"
"Remeraz","15:30:42","2017.09.19","leave"
"Pumbah","11:20:34","2017.09.18","leave"
"Mommav","11:27:10","2017.09.18","leave"
"Sodanickel","11:31:51","2017.09.18","leave"
"Beyondnz","11:34:26","2017.09.18","leave"
"Sodanickel","11:36:33","2017.09.18","leave"
"Emaa","11:43:14","2017.09.18","leave"
"Casablancas","11:49:59","2017.09.18","leave"
"Casablancas","11:52:21","2017.09.18","leave"
"Daemontools","11:52:52","2017.09.18","leave"
"Nzo","11:54:09","2017.09.18","leave"
"Nzo","11:58:16","2017.09.18","leave"
"Emaa","12:11:24","2017.09.18","leave"
"Doomnz","12:12:03","2017.09.18","leave"
"Aydda","12:12:03","2017.09.18","leave"
"Digs","12:13:15","2017.09.18","leave"
"Ivyfang","12:20:37","2017.09.18","leave"
"Gaff","12:25:11","2017.09.18","leave"
"Emaa","12:27:50","2017.09.18","leave"
"Deepfried","12:39:07","2017.09.18","leave"
"Stealthunt","13:12:48","2017.09.18","leave"
"Remeraz","13:13:10","2017.09.18","leave"
"Gaff","13:13:23","2017.09.18","leave"
"Falassion","13:13:57","2017.09.18","leave"
"Milch","13:14:13","2017.09.18","leave"
"Lysiah","13:14:14","2017.09.18","leave"
"Zendaril","13:14:16","2017.09.18","leave"
"Deepfried","13:14:16","2017.09.18","leave"
"Sodanickel","13:14:17","2017.09.18","leave"
"Mommav","13:14:25","2017.09.18","leave"
"Ivyfang","13:14:27","2017.09.18","leave"
"Aydda","13:14:30","2017.09.18","leave"
"Nicc","13:14:31","2017.09.18","leave"
"Grundig","13:14:32","2017.09.18","leave"
"Remeraz","13:14:45","2017.09.18","leave"
"Casablancas","13:14:50","2017.09.18","leave"
"Beyondnz","13:15:10","2017.09.18","leave"
"Themayor","13:15:20","2017.09.18","leave"
"Yippi","13:15:50","2017.09.18","leave"
"Falassion","13:16:00","2017.09.18","leave"
"Soopra","13:16:03","2017.09.18","leave"
"Soupped","13:16:07","2017.09.18","leave"
"Jimbaws","13:16:20","2017.09.18","leave"
"Daemontools","13:16:23","2017.09.18","leave"
"Chuckpants","13:16:24","2017.09.18","leave"
"Gafftroll","14:04:46","2017.09.17","leave"
"Themayor","14:41:04","2017.09.17","leave"
"Jimbaws","14:59:45","2017.09.17","leave"
"Jimbaws","15:01:54","2017.09.17","leave"
"Themayor","15:06:08","2017.09.17","leave"
"Evonar","15:08:08","2017.09.17","leave"
"Walkerboh","15:08:08","2017.09.17","leave"
"Gafftroll","15:08:08","2017.09.17","leave"
"Jimbaws","15:09:02","2017.09.17","leave"
"Daemontools","15:10:43","2017.09.17","leave"
"Nite","15:11:50","2017.09.17","leave"
"Rythym","15:15:00","2017.09.17","leave"
"Ensyo","10:51:45","2017.09.17","leave"
"Siilf","10:53:31","2017.09.17","leave"
"Hearthadin","10:53:42","2017.09.17","leave"
"Rorrz","10:56:29","2017.09.17","leave"
"Gnozina","11:01:52","2017.09.17","leave"
"Ivyfang","11:02:18","2017.09.17","leave"
"Falassion","11:04:09","2017.09.17","leave"
"Lysiah","11:04:32","2017.09.17","leave"
"Daemontools","11:05:12","2017.09.17","leave"
"Zendaril","11:05:12","2017.09.17","leave"
"Gnozina","11:09:16","2017.09.17","leave"
"Syanis","11:09:20","2017.09.17","leave"
"Sodanickel","11:09:24","2017.09.17","leave"
"Zendaril","11:09:24","2017.09.17","leave"
"Nicc","11:09:24","2017.09.17","leave"
"Nite","11:09:26","2017.09.17","leave"
"Syanis","11:09:40","2017.09.17","leave"
"Grundig","11:09:53","2017.09.17","leave"
"Uthard","11:10:05","2017.09.17","leave"
"Remeraz","11:10:27","2017.09.17","leave"
"Sodanickel","11:11:17","2017.09.17","leave"
"Falassion","11:11:39","2017.09.17","leave"
"Remeraz","11:12:13","2017.09.17","leave"
"Ivyfang","11:14:49","2017.09.17","leave"
"Beyondnz","11:14:49","2017.09.17","leave"
"Syanis","11:14:51","2017.09.17","leave"
"Jimbaws","11:15:01","2017.09.17","leave"
"Gaff","11:15:33","2017.09.17","leave"
"Gnozina","11:16:46","2017.09.17","leave"
"Soupped","11:16:54","2017.09.17","leave"
"Soopra","11:17:07","2017.09.17","leave"
"Soupped","11:17:11","2017.09.17","leave"
"Rockafella","11:18:14","2017.09.17","leave"
"Zendaril","11:18:14","2017.09.17","leave"
"Nicc","11:18:14","2017.09.17","leave"
"Sesek","11:20:01","2017.09.17","leave"
"Amdog","11:20:05","2017.09.17","leave"
"Jimbaws","11:21:45","2017.09.17","leave"
"Remeraz","11:22:58","2017.09.17","leave"
"Sesek","11:25:05","2017.09.17","leave"
"Saintgermain","11:26:20","2017.09.17","leave"
"Arielblake","11:28:12","2017.09.17","leave"
"Daemontools","11:30:47","2017.09.17","leave"
"Falassion","11:36:01","2017.09.17","leave"
"Saintgermain","11:40:00","2017.09.17","leave"
"Sodanickel","12:04:00","2017.09.17","leave"
"Ilyenatherin","12:05:18","2017.09.17","leave"
"Ilyenatherin","12:12:15","2017.09.17","leave"
"Nzo","13:15:18","2017.09.17","leave"
"Healsumaybe","13:19:53","2017.09.17","leave"
"Grundig","13:28:55","2017.09.17","leave"
"Gafftroll","13:29:54","2017.09.17","leave"
"Emaa","13:30:31","2017.09.17","leave"
"Sesek","13:30:50","2017.09.17","leave"
"Ivyfang","13:30:50","2017.09.17","leave"
"Felmin","13:36:43","2017.09.17","leave"
"Uthard","13:38:13","2017.09.17","leave"
"Zendaril","13:40:36","2017.09.17","leave"
"Syanis","13:54:12","2017.09.17","leave"
"Drowranger","13:56:36","2017.09.17","leave"
"Rorrz","13:57:34","2017.09.17","leave"
"Verus","13:58:14","2017.09.17","leave"
"Whispershade","13:58:15","2017.09.17","leave"
"Gafftard","13:58:54","2017.09.17","leave"
"Zendaril","13:58:54","2017.09.17","leave"
"Valknut","13:59:03","2017.09.17","leave"
"Rockafella","13:59:05","2017.09.17","leave"
"Nicc","13:59:17","2017.09.17","leave"
"Arielblake","13:59:18","2017.09.17","leave"
